id,name,source,missing_fields
htc-001,乡村啤酒鸭,howtocook,cuisine+season_months
htc-002,冷吃兔,howtocook,cuisine+season_months
htc-003,可乐鸡翅,howtocook,cuisine+season_months
htc-004,咕噜肉,howtocook,cuisine+season_months
htc-005,商芝肉,howtocook,cuisine+season_months
htc-006,孜然牛肉,howtocook,cuisine+season_months
htc-007,小炒肉,howtocook,cuisine+season_months
htc-008,小米辣炒肉,howtocook,cuisine+season_months
htc-009,小酥肉,howtocook,cuisine+season_months
htc-010,尖椒炒牛肉,howtocook,cuisine+season_months
htc-011,山西过油肉,howtocook,cuisine+season_months
htc-012,带把肘子,howtocook,cuisine+season_months
htc-013,意式烤鸡,howtocook,cuisine+season_months
htc-014,杀猪菜,howtocook,cuisine+season_months
htc-015,椒盐排条,howtocook,cuisine+season_months
htc-016,水煮肉片,howtocook,cuisine+season_months
htc-017,洋葱炒猪肉,howtocook,cuisine+season_months
htc-018,烤鸡翅,howtocook,cuisine+season_months
htc-019,猪肉烩酸菜,howtocook,cuisine+season_months
htc-020,甜辣烤全翅,howtocook,cuisine+season_months
htc-021,番茄红酱,howtocook,cuisine+season_months
htc-022,白菜猪肉炖粉条,howtocook,cuisine+season_months
htc-023,粉蒸肉,howtocook,cuisine+season_months
htc-024,糖醋里脊,howtocook,cuisine+season_months
htc-025,红烧鸡翅,howtocook,cuisine+season_months
htc-026,肉饼炖蛋,howtocook,cuisine+season_months
htc-027,腐乳肉,howtocook,cuisine+season_months
htc-028,萝卜炖羊排,howtocook,cuisine+season_months
htc-029,葱烧鸡腿,howtocook,cuisine+season_months
htc-030,蒜苔炒肉末,howtocook,cuisine+season_months
htc-031,虎皮肘子,howtocook,cuisine+season_months
htc-032,蚂蚁上树,howtocook,cuisine+season_months
htc-033,豉汁排骨,howtocook,cuisine+season_months
htc-034,辣椒炒肉,howtocook,cuisine+season_months
htc-035,香干肉丝,howtocook,cuisine+season_months
htc-036,鱼香肉丝,howtocook,cuisine+season_months
htc-037,麻辣香锅,howtocook,cuisine+season_months
htc-038,黄油鸡,howtocook,cuisine+season_months
htc-039,黄焖鸡,howtocook,cuisine+season_months
htc-040,黄瓜炒肉,howtocook,cuisine+season_months
htc-041,利提巧卡,howtocook,cuisine+season_months
htc-042,印度烤饼,howtocook,cuisine+season_months
htc-043,印度焖饭,howtocook,cuisine+season_months
htc-044,可乐炒饭,howtocook,cuisine+season_months
htc-045,咸肉菜饭,howtocook,cuisine+season_months
htc-046,手工水饺,howtocook,cuisine+season_months
htc-047,汤面,howtocook,cuisine+season_months
htc-048,炒年糕,howtocook,cuisine+season_months
htc-049,炒河粉,howtocook,cuisine+season_months
htc-050,炒馍,howtocook,cuisine+season_months
htc-051,炸酱面,howtocook,cuisine+season_months
htc-052,热干面,howtocook,cuisine+season_months
htc-053,照烧鸡腿饭,howtocook,cuisine+season_months
htc-054,煮泡面加蛋,howtocook,cuisine+season_months
htc-055,猪油拌饭,howtocook,cuisine+season_months
htc-056,红芸豆拌饭,howtocook,cuisine+season_months
htc-057,老干妈拌面,howtocook,cuisine+season_months
htc-058,肉蛋盖饭,howtocook,cuisine+season_months
htc-059,葱油拌面,howtocook,cuisine+season_months
htc-060,蒸卤面,howtocook,cuisine+season_months
htc-061,蛋包饭,howtocook,cuisine+season_months
htc-062,蛋炒饭,howtocook,cuisine+season_months
htc-063,螺蛳粉,howtocook,cuisine+season_months
htc-064,酸辣蕨根粉,howtocook,cuisine+season_months
htc-065,醪糟小汤圆,howtocook,cuisine+season_months
htc-066,韭菜盒子,howtocook,cuisine+season_months
htc-067,鲜肉烧卖,howtocook,cuisine+season_months
htc-068,鹰嘴豆炸饼,howtocook,cuisine+season_months
htc-069,麻油拌面,howtocook,cuisine+season_months
htc-070,麻辣减脂荞麦面,howtocook,cuisine+season_months
htc-071,凉拌油麦菜,howtocook,cuisine+season_months
htc-072,凉拌豆腐,howtocook,cuisine+season_months
htc-073,凉拌金针菇,howtocook,cuisine+season_months
htc-074,凉拌黄瓜,howtocook,cuisine+season_months
htc-075,印度土豆花菜,howtocook,cuisine+season_months
htc-076,印度葫芦丸子,howtocook,cuisine+season_months
htc-077,家常日本豆腐,howtocook,cuisine+season_months
htc-078,松仁玉米,howtocook,cuisine+season_months
htc-079,水油焖蔬菜,howtocook,cuisine+season_months
htc-080,油醋爆蛋,howtocook,cuisine+season_months
htc-081,清炒花菜,howtocook,cuisine+season_months
htc-082,清蒸南瓜,howtocook,cuisine+season_months
htc-083,炒茄子,howtocook,cuisine+season_months
htc-084,炒青菜,howtocook,cuisine+season_months
htc-085,皮蛋豆腐,howtocook,cuisine+season_months
htc-086,素炒豆角,howtocook,cuisine+season_months
htc-087,红烧茄子,howtocook,cuisine+season_months
htc-088,脆皮豆腐,howtocook,cuisine+season_months
htc-089,茄子炖土豆,howtocook,cuisine+season_months
htc-090,葱煎豆腐,howtocook,cuisine+season_months
htc-091,蒜蓉西兰花,howtocook,cuisine+season_months
htc-092,蒲烧茄子,howtocook,cuisine+season_months
htc-093,蚝油生菜,howtocook,cuisine+season_months
htc-094,西红柿炒鸡蛋,howtocook,cuisine+season_months
htc-095,酸辣土豆丝,howtocook,cuisine+season_months
htc-096,金针菇日本豆腐煲,howtocook,cuisine+season_months
htc-097,金钱蛋,howtocook,cuisine+season_months
htc-098,陕北熬豆角,howtocook,cuisine+season_months
htc-099,雷椒皮蛋,howtocook,cuisine+season_months
htc-100,鸡蛋火腿炒黄瓜,howtocook,cuisine+season_months
htc-101,吐司果酱,howtocook,cuisine+season_months
htc-102,太阳蛋,howtocook,cuisine+season_months
htc-103,完美水煮蛋,howtocook,cuisine+season_months
htc-104,微波炉荷包蛋,howtocook,cuisine+season_months
htc-105,微波炉蒸蛋,howtocook,cuisine+season_months
htc-106,微波炉蛋糕,howtocook,cuisine+season_months
htc-107,意式香肠北非蛋,howtocook,cuisine+season_months
htc-108,手抓饼,howtocook,cuisine+season_months
htc-109,桂圆红枣粥,howtocook,cuisine+season_months
htc-110,水煮玉米,howtocook,cuisine+season_months
htc-111,溏心蛋,howtocook,cuisine+season_months
htc-112,煎饺,howtocook,cuisine+season_months
htc-113,燕麦鸡蛋饼,howtocook,cuisine+season_months
htc-114,牛奶燕麦,howtocook,cuisine+season_months
htc-115,空气炸锅面包片,howtocook,cuisine+season_months
htc-116,美式炒蛋,howtocook,cuisine+season_months
htc-117,茶叶蛋,howtocook,cuisine+season_months
htc-118,蒸水蛋,howtocook,cuisine+season_months
htc-119,蒸花卷,howtocook,cuisine+season_months
htc-120,蛋煎糍粑,howtocook,cuisine+season_months
htc-121,金枪鱼酱三明治,howtocook,cuisine+season_months
htc-122,韩国麻药鸡蛋,howtocook,cuisine+season_months
htc-123,鸡蛋三明治,howtocook,cuisine+season_months
htc-124,奶油蘑菇汤,howtocook,cuisine+season_months
htc-125,小米粥,howtocook,cuisine+season_months
htc-126,生汆丸子汤,howtocook,cuisine+season_months
htc-127,番茄牛肉蛋花汤,howtocook,cuisine+season_months
htc-128,皮蛋瘦肉粥,howtocook,cuisine+season_months
htc-129,米粥,howtocook,cuisine+season_months
htc-130,紫菜蛋花汤,howtocook,cuisine+season_months
htc-131,罗宋汤,howtocook,cuisine+season_months
htc-132,腊八粥,howtocook,cuisine+season_months
htc-133,西红柿鸡蛋汤,howtocook,cuisine+season_months
htc-134,金针菇汤,howtocook,cuisine+season_months
htc-135,陈皮排骨汤,howtocook,cuisine+season_months
htc-136,黄瓜皮蛋汤,howtocook,cuisine+season_months
htc-137,咖喱炒蟹,howtocook,cuisine+season_months
htc-138,响油鳝丝,howtocook,cuisine+season_months
htc-139,微波葱姜黑鳕鱼,howtocook,cuisine+season_months
htc-140,水煮鱼,howtocook,cuisine+season_months
htc-141,清蒸生蚝,howtocook,cuisine+season_months
htc-142,红烧鱼,howtocook,cuisine+season_months
htc-143,红烧鱼头,howtocook,cuisine+season_months
htc-144,红烧鲤鱼,howtocook,cuisine+season_months
htc-145,肉蟹煲,howtocook,cuisine+season_months
htc-146,酱炖蟹,howtocook,cuisine+season_months
htc-147,B52轰炸机,howtocook,cuisine+season_months
htc-148,Mojito莫吉托,howtocook,cuisine+season_months
htc-149,冬瓜茶,howtocook,cuisine+season_months
htc-150,印度奶茶,howtocook,cuisine+season_months
htc-151,可乐桶,howtocook,cuisine+season_months
htc-152,奶茶,howtocook,cuisine+season_months
htc-153,杨枝甘露,howtocook,cuisine+season_months
htc-154,牛油果拉西,howtocook,cuisine+season_months
htc-155,酸梅汤（半成品加工）,howtocook,cuisine+season_months
htc-156,长岛冰茶,howtocook,cuisine+season_months
htc-157,油酥,howtocook,cuisine+season_months
htc-158,炸串酱料,howtocook,cuisine+season_months
htc-159,简易版炒糖色,howtocook,cuisine+season_months
htc-160,糖醋汁,howtocook,cuisine+season_months
htc-161,葱油,howtocook,cuisine+season_months
htc-162,蒜香酱油,howtocook,cuisine+season_months
htc-163,凉皮,howtocook,cuisine+season_months
htc-164,半成品意面,howtocook,cuisine+season_months
htc-165,牛油火锅底料,howtocook,cuisine+season_months
htc-166,速冻水饺,howtocook,cuisine+season_months
htc-167,速冻馄饨,howtocook,cuisine+season_months
htc-168,微波炉鸡蛋羹,howtocook,cuisine+season_months
htc-169,蒸箱鸡蛋羹,howtocook,cuisine+season_months
htc-170,鸡蛋羹,howtocook,cuisine+season_months
htc-171,南派红烧肉,howtocook,cuisine+season_months
htc-172,简易红烧肉,howtocook,cuisine+season_months
htc-173,煮锅蒸米饭,howtocook,cuisine+season_months
htc-174,电饭煲蒸米饭,howtocook,cuisine+season_months
htc-175,小龙虾,howtocook,cuisine+season_months
htc-176,干煎阿根廷红虾,howtocook,cuisine+season_months
htc-177,油焖大虾,howtocook,cuisine+season_months
htc-178,烤鱼,howtocook,cuisine+season_months
htc-179,清蒸鲈鱼,howtocook,cuisine+season_months
htc-180,白灼虾,howtocook,cuisine+season_months
htc-181,糖醋鲤鱼,howtocook,cuisine+season_months
htc-182,芥末黄油罗氏虾,howtocook,cuisine+season_months
htc-183,葱油桂鱼,howtocook,cuisine+season_months
htc-184,葱烧海参,howtocook,cuisine+season_months
htc-185,蒜蓉虾,howtocook,cuisine+season_months
htc-186,蒜香黄油虾,howtocook,cuisine+season_months
htc-187,蛏抱蛋,howtocook,cuisine+season_months
htc-188,阳朔啤酒鱼,howtocook,cuisine+season_months
htc-189,香煎翘嘴鱼,howtocook,cuisine+season_months
htc-190,鲤鱼炖白菜,howtocook,cuisine+season_months
htc-191,鳊鱼炖豆腐,howtocook,cuisine+season_months
htc-192,黄油煎虾,howtocook,cuisine+season_months
htc-193,温泉蛋,howtocook,cuisine+season_months
htc-194,苏格兰蛋,howtocook,cuisine+season_months
htc-195,油泼辣子,howtocook,cuisine+season_months
htc-196,草莓酱,howtocook,cuisine+season_months
htc-197,蔗糖糖浆,howtocook,cuisine+season_months
htc-198,胡萝卜甜糕,howtocook,cuisine+season_months
htc-199,反沙芋头,howtocook,cuisine+season_months
htc-200,咖啡椰奶冻,howtocook,cuisine+season_months
htc-201,奥利奥冰淇淋,howtocook,cuisine+season_months
htc-202,戚风蛋糕,howtocook,cuisine+season_months
htc-203,提拉米苏,howtocook,cuisine+season_months
htc-204,无厨师机蜂蜜面包,howtocook,cuisine+season_months
htc-205,炸鲜奶,howtocook,cuisine+season_months
htc-206,烤箱版巴斯克芝士蛋糕,howtocook,cuisine+season_months
htc-207,烤蛋挞,howtocook,cuisine+season_months
htc-208,玛格丽特饼干,howtocook,cuisine+season_months
htc-209,红柚蛋糕,howtocook,cuisine+season_months
htc-210,芋泥雪媚娘,howtocook,cuisine+season_months
htc-211,英式司康,howtocook,cuisine+season_months
htc-212,草莓冰淇淋,howtocook,cuisine+season_months
htc-213,酸奶意式奶冻,howtocook,cuisine+season_months
htc-214,雪花酥,howtocook,cuisine+season_months
htc-215,魔芋蛋糕,howtocook,cuisine+season_months
htc-216,龟苓膏,howtocook,cuisine+season_months
htc-217,冰粉,howtocook,cuisine+season_months
htc-218,奇异果菠菜特调,howtocook,cuisine+season_months
htc-219,柠檬水,howtocook,cuisine+season_months
htc-220,泰国手标红茶,howtocook,cuisine+season_months
htc-221,海边落日,howtocook,cuisine+season_months
htc-222,百香果橙子特调,howtocook,cuisine+season_months
htc-223,砂糖椰子冰沙,howtocook,cuisine+season_months
htc-224,耙耙柑茶,howtocook,cuisine+season_months
htc-225,菠萝咖啡特调,howtocook,cuisine+season_months
htc-226,酒酿醪糟,howtocook,cuisine+season_months
htc-227,酸梅汤,howtocook,cuisine+season_months
htc-228,金汤力,howtocook,cuisine+season_months
htc-229,金菲士,howtocook,cuisine+season_months
htc-230,农家一碗香,howtocook,cuisine+season_months
htc-231,冬瓜酿肉,howtocook,cuisine+season_months
htc-232,凉拌鸡丝,howtocook,cuisine+season_months
htc-233,卤菜,howtocook,cuisine+season_months
htc-234,口水鸡,howtocook,cuisine+season_months
htc-235,台式卤肉饭,howtocook,cuisine+season_months
htc-236,咖喱肥牛,howtocook,cuisine+season_months
htc-237,啤酒鸭,howtocook,cuisine+season_months
htc-238,回锅肉,howtocook,cuisine+season_months
htc-239,土豆炖排骨,howtocook,cuisine+season_months
htc-240,奥尔良风味烤鸡腿,howtocook,cuisine+season_months
htc-241,奶酪培根通心粉,howtocook,cuisine+season_months
htc-242,姜炒鸡,howtocook,cuisine+season_months
htc-243,姜葱捞鸡,howtocook,cuisine+season_months
htc-244,宫保鸡丁,howtocook,cuisine+season_months
htc-245,小炒鸡肝,howtocook,cuisine+season_months
htc-246,小炒黄牛肉,howtocook,cuisine+season_months
htc-247,尖叫牛蛙,howtocook,cuisine+season_months
htc-248,巴基斯坦牛肉咖喱,howtocook,cuisine+season_months
htc-249,干煸仔鸡,howtocook,cuisine+season_months
htc-250,广式萝卜牛腩,howtocook,cuisine+season_months
htc-251,徽派红烧肉,howtocook,cuisine+season_months
htc-252,新疆大盘鸡,howtocook,cuisine+season_months
htc-253,无骨鸡爪,howtocook,cuisine+season_months
htc-254,枝竹羊腩煲,howtocook,cuisine+season_months
htc-255,柱候牛腩,howtocook,cuisine+season_months
htc-256,桂林十八酿,howtocook,cuisine+season_months
htc-257,梅菜扣肉,howtocook,cuisine+season_months
htc-258,水煮牛肉,howtocook,cuisine+season_months
htc-259,淄博烧烤,howtocook,cuisine+season_months
htc-260,清蒸鳜鱼,howtocook,cuisine+season_months
htc-261,湖南家常红烧肉,howtocook,cuisine+season_months
htc-262,湘祁米夫鸭,howtocook,cuisine+season_months
htc-263,澳门湿版免治牛肉饭,howtocook,cuisine+season_months
htc-264,煎烤羊排,howtocook,cuisine+season_months
htc-265,牛排,howtocook,cuisine+season_months
htc-266,猪皮冻,howtocook,cuisine+season_months
htc-267,田螺酿,howtocook,cuisine+season_months
htc-268,瘦肉土豆片,howtocook,cuisine+season_months
htc-269,空气炸锅脆皮现腌炸鸡,howtocook,cuisine+season_months
htc-270,糖醋排骨,howtocook,cuisine+season_months
htc-271,红烧猪蹄,howtocook,cuisine+season_months
htc-272,羊排焖面,howtocook,cuisine+season_months
htc-273,老妈蹄花,howtocook,cuisine+season_months
htc-274,老式锅包肉,howtocook,cuisine+season_months
htc-275,芥末罗氏虾,howtocook,cuisine+season_months
htc-276,茭白炒肉,howtocook,cuisine+season_months
htc-277,荔枝肉,howtocook,cuisine+season_months
htc-278,荷兰豆炒腊肠,howtocook,cuisine+season_months
htc-279,血浆鸭,howtocook,cuisine+season_months
htc-280,西红柿土豆炖牛肉,howtocook,cuisine+season_months
htc-281,西红柿牛腩,howtocook,cuisine+season_months
htc-282,豆豉鲮鱼油麦菜,howtocook,cuisine+season_months
htc-283,豉汁蒸白鱔,howtocook,cuisine+season_months
htc-284,贵州辣子鸡,howtocook,cuisine+season_months
htc-285,酱排骨,howtocook,cuisine+season_months
htc-286,酱牛肉,howtocook,cuisine+season_months
htc-287,醉排骨,howtocook,cuisine+season_months
htc-288,青椒土豆炒肉,howtocook,cuisine+season_months
htc-289,青椒酿,howtocook,cuisine+season_months
htc-290,香干芹菜炒肉,howtocook,cuisine+season_months
htc-291,香煎五花肉,howtocook,cuisine+season_months
htc-292,香菇滑鸡,howtocook,cuisine+season_months
htc-293,香辣鸡爪煲,howtocook,cuisine+season_months
htc-294,鱼香茄子,howtocook,cuisine+season_months
htc-295,麻婆豆腐,howtocook,cuisine+season_months
htc-296,黑椒牛柳,howtocook,cuisine+season_months
htc-297,黔式腊肠娃娃菜,howtocook,cuisine+season_months
htc-298,懒人蛋挞,howtocook,cuisine+season_months
htc-299,炸薯条,howtocook,cuisine+season_months
htc-300,空气炸锅羊排,howtocook,cuisine+season_months
htc-301,空气炸锅鸡翅中,howtocook,cuisine+season_months
htc-302,速冻汤圆,howtocook,cuisine+season_months
htc-303,勾芡香菇汤,howtocook,cuisine+season_months
htc-304,排骨山药玉米汤,howtocook,cuisine+season_months
htc-305,排骨苦瓜汤,howtocook,cuisine+season_months
htc-306,昂刺鱼豆腐汤,howtocook,cuisine+season_months
htc-307,朱雀汤,howtocook,cuisine+season_months
htc-308,玉米排骨汤,howtocook,cuisine+season_months
htc-309,羊肉汤,howtocook,cuisine+season_months
htc-310,菌菇炖乳鸽,howtocook,cuisine+season_months
htc-311,银耳莲子粥,howtocook,cuisine+season_months
htc-312,中式馅饼,howtocook,cuisine+season_months
htc-313,凉粉,howtocook,cuisine+season_months
htc-314,基础牛奶面包,howtocook,cuisine+season_months
htc-315,微波炉腊肠煲仔饭,howtocook,cuisine+season_months
htc-316,意式肉酱面,howtocook,cuisine+season_months
htc-317,扬州炒饭,howtocook,cuisine+season_months
htc-318,披萨饼皮,howtocook,cuisine+season_months
htc-319,日式咖喱饭,howtocook,cuisine+season_months
htc-320,日式肥牛丼饭,howtocook,cuisine+season_months
htc-321,河南蒸面条,howtocook,cuisine+season_months
htc-322,火腿饭团,howtocook,cuisine+season_months
htc-323,炒凉粉,howtocook,cuisine+season_months
htc-324,炒意大利面,howtocook,cuisine+season_months
htc-325,炒方便面,howtocook,cuisine+season_months
htc-326,烙饼,howtocook,cuisine+season_months
htc-327,芝麻烧饼,howtocook,cuisine+season_months
htc-328,电饭煲三文鱼炊饭,howtocook,cuisine+season_months
htc-329,空气炸锅照烧鸡饭,howtocook,cuisine+season_months
htc-330,老友猪肉粉,howtocook,cuisine+season_months
htc-331,茄子肉煎饼,howtocook,cuisine+season_months
htc-332,西红柿鸡蛋挂面,howtocook,cuisine+season_months
htc-333,豆角焖面,howtocook,cuisine+season_months
htc-334,酱拌荞麦面,howtocook,cuisine+season_months
htc-335,陕西油泼面,howtocook,cuisine+season_months
htc-336,韩式拌饭,howtocook,cuisine+season_months
htc-337,鲣鱼海苔玉米饭,howtocook,cuisine+season_months
htc-338,上汤娃娃菜,howtocook,cuisine+season_months
htc-339,乾隆白菜,howtocook,cuisine+season_months
htc-340,凉拌木耳,howtocook,cuisine+season_months
htc-341,凉拌莴笋,howtocook,cuisine+season_months
htc-342,包菜炒鸡蛋粉丝,howtocook,cuisine+season_months
htc-343,地三鲜,howtocook,cuisine+season_months
htc-344,小炒藕丁,howtocook,cuisine+season_months
htc-345,干锅花菜,howtocook,cuisine+season_months
htc-346,手撕包菜,howtocook,cuisine+season_months
htc-347,拔丝土豆,howtocook,cuisine+season_months
htc-348,椒盐玉米,howtocook,cuisine+season_months
htc-349,榄菜肉末四季豆,howtocook,cuisine+season_months
htc-350,洋葱炒鸡蛋,howtocook,cuisine+season_months
htc-351,炒滑蛋,howtocook,cuisine+season_months
htc-352,烤茄子,howtocook,cuisine+season_months
htc-353,白灼菜心,howtocook,cuisine+season_months
htc-354,糖拌西红柿,howtocook,cuisine+season_months
htc-355,红烧冬瓜,howtocook,cuisine+season_months
htc-356,芹菜拌茶树菇,howtocook,cuisine+season_months
htc-357,莴笋叶煎饼,howtocook,cuisine+season_months
htc-358,菠菜炒鸡蛋,howtocook,cuisine+season_months
htc-359,蒜蓉炒芹菜,howtocook,cuisine+season_months
htc-360,蒜蓉空心菜,howtocook,cuisine+season_months
htc-361,虎皮青椒,howtocook,cuisine+season_months
htc-362,蚝油三鲜菇,howtocook,cuisine+season_months
htc-363,西红柿豆腐汤羹,howtocook,cuisine+season_months
htc-364,西葫芦炒鸡蛋,howtocook,cuisine+season_months
htc-365,话梅煮毛豆,howtocook,cuisine+season_months
htc-366,韭菜炒蛋,howtocook,cuisine+season_months
htc-367,鸡蛋花,howtocook,cuisine+season_months
d1-001,"Crispy Lemon Chicken with Potatoes, Oregano, and Capers",Dinner in One (Melissa Clark),cuisine+season_months
d1-002,Tarragon Chicken with Caramelized Onions and Butternut Squash,Dinner in One (Melissa Clark),cuisine+season_months
d1-003,"Roasted Chicken “Tagine” with Dates, Olives, and Lemon",Dinner in One (Melissa Clark),cuisine+season_months
d1-004,"Sheet Pan Thanksgiving: Roast Turkey Breast, Maple-Glazed Sweet Potatoes, and Brussels Sprouts",Dinner in One (Melissa Clark),cuisine+season_months
d1-005,Meatball Sub Sandwiches on Garlic Bread,Dinner in One (Melissa Clark),cuisine+season_months
d1-006,Garlicky Pork Chops with Cauliflower and Pomegranate,Dinner in One (Melissa Clark),cuisine+season_months
d1-007,Full English Breakfast,Dinner in One (Melissa Clark),cuisine+season_months
d1-008,"Sausage Bake with Crunchy Potatoes, Red Cabbage, and Caraway",Dinner in One (Melissa Clark),cuisine+season_months
d1-009,Tahini Roasted Cod with Asparagus and Thyme,Dinner in One (Melissa Clark),cuisine+season_months
d1-010,Miso-Glazed Salmon with Roasted Sugar Snap Peas,Dinner in One (Melissa Clark),cuisine+season_months
d1-011,Crispy Sausage-Stuffed Mushrooms with Broccolini and Cherry Tomatoes,Dinner in One (Melissa Clark),cuisine+season_months
d1-012,"Stuffed Portobellos with Creamy, Lemony Chickpeas",Dinner in One (Melissa Clark),cuisine+season_months
d1-013,Baked Lemony Feta with Tomatoes and Sweet Peppers,Dinner in One (Melissa Clark),cuisine+season_months
d1-014,"Roasted Cauliflower and Potatoes with Harissa, Yogurt, and Toasted Almonds",Dinner in One (Melissa Clark),cuisine+season_months
d1-015,"Caramelized Carrots with Pancetta, Olives, and Crispy Parmesan",Dinner in One (Melissa Clark),cuisine+season_months
d1-016,Spiced Brussels Sprouts with Paneer and Tangy Lime Dressing,Dinner in One (Melissa Clark),cuisine+season_months
d1-017,Glazed Tofu with Sweet Potatoes and Silky Red Peppers,Dinner in One (Melissa Clark),cuisine+season_months
d1-018,Chile Crisp Tofu with Blistered Kale,Dinner in One (Melissa Clark),cuisine+season_months
d1-019,Creamy Peanut Chicken with Charred Snow Peas,Dinner in One (Melissa Clark),cuisine+season_months
d1-020,"Spiced Pork Chops with Buttery Peas, Radishes, and Mint",Dinner in One (Melissa Clark),cuisine+season_months
d1-021,Cheesy Meatball Parm with Spinach,Dinner in One (Melissa Clark),cuisine+season_months
d1-022,Spicy Turkey Larb with Soft Herbs and Lettuces,Dinner in One (Melissa Clark),cuisine+season_months
d1-023,"Crispy, Spicy Lamb with Greens and Avocado",Dinner in One (Melissa Clark),cuisine+season_months
d1-024,"Green Shakshuka with Avocado, Chile, and Feta",Dinner in One (Melissa Clark),cuisine+season_months
d1-025,Spicy Stir-Fried Pork with Green Beans and Tomatoes,Dinner in One (Melissa Clark),cuisine+season_months
d1-026,Seared Miso-Sesame Shrimp and Asparagus,Dinner in One (Melissa Clark),cuisine+season_months
d1-027,Crispy Thai Omelet (Kai Jeow) with Stir-Fried Cabbage and Herbs,Dinner in One (Melissa Clark),cuisine+season_months
d1-028,"Parmesan White Beans and Kale with Crunchy, Garlicky Bread Crumbs",Dinner in One (Melissa Clark),cuisine+season_months
d1-029,Farro with Spicy Sausage and Apple Cider,Dinner in One (Melissa Clark),cuisine+season_months
d1-030,"Farro with Crispy Spiced Chickpeas, Tomatoes, and Leeks",Dinner in One (Melissa Clark),cuisine+season_months
d1-031,"Eggplant Rice Pilaf with Feta, Lemon, and Mint",Dinner in One (Melissa Clark),cuisine+season_months
d1-032,Crispy Kimchi Fried Rice with Scrambled Eggs and Scallions,Dinner in One (Melissa Clark),cuisine+season_months
d1-033,Fried Chickpeas and Scrambled Eggs with Garlicky Greens and Spicy Yogurt,Dinner in One (Melissa Clark),cuisine+season_months
d1-034,Crunchy Peanut-Crusted Tofu with Asparagus,Dinner in One (Melissa Clark),cuisine+season_months
d1-035,Beets and Greens Phyllo Pie with Feta,Dinner in One (Melissa Clark),cuisine+season_months
d1-036,Tartiflette with Bitter Lettuces and Pear Salad,Dinner in One (Melissa Clark),cuisine+season_months
d1-037,One-Pot Pastas & Noodles,Dinner in One (Melissa Clark),cuisine+season_months
d1-038,"Cheesy Baked Pasta with Tomato, Sausage, and Ricotta",Dinner in One (Melissa Clark),cuisine+season_months
d1-039,"Cheesy, Peppery Spaghetti with Asparagus",Dinner in One (Melissa Clark),cuisine+season_months
d1-040,Bacon and Egg Spaghetti with Greens and Herbs,Dinner in One (Melissa Clark),cuisine+season_months
d1-041,"Spaghetti with Tuna, Capers, and Cherry Tomatoes",Dinner in One (Melissa Clark),cuisine+season_months
d1-042,"Cavatelli with Butternut Squash, Ricotta, and Rosemary Brown Butter",Dinner in One (Melissa Clark),cuisine+season_months
d1-043,"Lemony Orecchiette with Chickpeas, Chile, and Arugula",Dinner in One (Melissa Clark),cuisine+season_months
d1-044,"Orzo with Zucchini, Feta, and Dill",Dinner in One (Melissa Clark),cuisine+season_months
d1-045,Creamy Goat Cheese Pasta with Burst Cherry Tomatoes and Olives,Dinner in One (Melissa Clark),cuisine+season_months
d1-046,"Pasta with Garlicky Broccoli Rabe, Lemon Zest, and Mozzarella",Dinner in One (Melissa Clark),cuisine+season_months
d1-047,Skillet Shrimp Scampi with Orzo and Tomatoes,Dinner in One (Melissa Clark),cuisine+season_months
d1-048,Spiced Pearl Couscous with Jammy Eggplant and Tomatoes,Dinner in One (Melissa Clark),cuisine+season_months
d1-049,Gingery Coconut Noodles with Shrimp and Greens,Dinner in One (Melissa Clark),cuisine+season_months
d1-050,Crispy Chile-Glazed Tofu with Soba Noodles,Dinner in One (Melissa Clark),cuisine+season_months
d1-051,"Tender Chicken in a Pot with Pearl Couscous, Lemon, and Mint",Dinner in One (Melissa Clark),cuisine+season_months
d1-052,Cumin-y Chicken and Rice with Peppers and Peas,Dinner in One (Melissa Clark),cuisine+season_months
d1-053,Crispy Chicken Thighs with Puttanesca Green Beans,Dinner in One (Melissa Clark),cuisine+season_months
d1-054,Turkey and Bean Tamale Pie,Dinner in One (Melissa Clark),cuisine+season_months
d1-055,Wine-Braised Mushrooms and Gnocchi,Dinner in One (Melissa Clark),cuisine+season_months
d1-056,"Roasted Tuna with Brown Butter Corn, Tomatoes, and Chile",Dinner in One (Melissa Clark),cuisine+season_months
d1-057,Saag Paneer,Dinner in One (Melissa Clark),cuisine+season_months
d1-058,The Easiest Rice and Beans with Quick Pickled Jalapeños,Dinner in One (Melissa Clark),cuisine+season_months
d1-059,Casseroles,Dinner in One (Melissa Clark),cuisine+season_months
d1-060,"Garlicky Chicken with Sugar Snap Peas, Pecorino, and Lemon",Dinner in One (Melissa Clark),cuisine+season_months
d1-061,"Lemony Baked Rice with Artichokes, White Beans, and Caramelized Leeks",Dinner in One (Melissa Clark),cuisine+season_months
d1-062,Roasted Cod with Buttery Potatoes and Anchovy,Dinner in One (Melissa Clark),cuisine+season_months
d1-063,Roasted Salmon Salad with Limes and Chiles,Dinner in One (Melissa Clark),cuisine+season_months
d1-064,Creamy Corn and Polenta Bake with Blue Cheese,Dinner in One (Melissa Clark),cuisine+season_months
d1-065,Roasted Mushrooms with Crispy Polenta and Parmesan,Dinner in One (Melissa Clark),cuisine+season_months
d1-066,"Puffy Spoonbread with Corn, Crab, and Roasted Red Peppers",Dinner in One (Melissa Clark),cuisine+season_months
d1-067,Cheddar Soufflé with Prosciutto and Arugula,Dinner in One (Melissa Clark),cuisine+season_months
d1-068,"Savory Bread Pudding with Asparagus, Pesto, and Gruyère",Dinner in One (Melissa Clark),cuisine+season_months
d1-069,"Acorn Squash with Taleggio, Honey, and Aleppo Almonds",Dinner in One (Melissa Clark),cuisine+season_months
d1-070,"Roasted Carrots and Beets with Smoked Mozzarella, Dill, and Crispy Bread Crumbs",Dinner in One (Melissa Clark),cuisine+season_months
d1-071,Spiced Chicken and Couscous Soup with Vegetables,Dinner in One (Melissa Clark),cuisine+season_months
d1-072,Lemony Turkey and White Bean Soup with Winter Greens,Dinner in One (Melissa Clark),cuisine+season_months
d1-073,Kimchi Pork Soup with Napa Cabbage and Silken Tofu,Dinner in One (Melissa Clark),cuisine+season_months
d1-074,"Crispy Bacon, Bean, and Kale Soup",Dinner in One (Melissa Clark),cuisine+season_months
d1-075,Coconut Fish Curry with Shiitakes and Snow Peas,Dinner in One (Melissa Clark),cuisine+season_months
d1-076,Cauliflower-Carrot Soup with Smoky Paprika Shrimp,Dinner in One (Melissa Clark),cuisine+season_months
d1-077,"Crispy Chickpea Stew with Greens, Lemon, and Feta",Dinner in One (Melissa Clark),cuisine+season_months
d1-078,"Orzo Minestrone with Fresh Corn, Zucchini, and Pesto",Dinner in One (Melissa Clark),cuisine+season_months
d1-079,"Shiitake, Sweet Potato, and Tofu Soup with Miso",Dinner in One (Melissa Clark),cuisine+season_months
d1-080,Cheater’s Chicken and Dumplings,Dinner in One (Melissa Clark),cuisine+season_months
d1-081,Spicy Gochujang Chicken Stew with Potatoes and Cabbage,Dinner in One (Melissa Clark),cuisine+season_months
d1-082,Chicken Paprikash Soup with Potatoes and Quick Pickled Cucumbers,Dinner in One (Melissa Clark),cuisine+season_months
d1-083,"Lemony Beef, Spinach, and Barley Soup",Dinner in One (Melissa Clark),cuisine+season_months
d1-084,Pork Stew with Sweet Peppers and Potatoes,Dinner in One (Melissa Clark),cuisine+season_months
d1-085,Smoky Lentil Stew with Kielbasa and Potatoes,Dinner in One (Melissa Clark),cuisine+season_months
d1-086,"Red Wine, Mushroom, and Pancetta Risotto",Dinner in One (Melissa Clark),cuisine+season_months
d1-087,"Spicy Tomato White Beans with Sage, Pecorino, and Garlicky Crostini",Dinner in One (Melissa Clark),cuisine+season_months
d1-088,Farro and Kale Stew with Parmesan and Creamy Burrata,Dinner in One (Melissa Clark),cuisine+season_months
d1-089,Curried Sweet Potato and Lentil Soup with Crispy Coconut Chips,Dinner in One (Melissa Clark),cuisine+season_months
d1-090,Blueberry Lime Crunch Cake with Demerara,Dinner in One (Melissa Clark),cuisine+season_months
d1-091,Cardamom Sour Cream Pound Cake,Dinner in One (Melissa Clark),cuisine+season_months
d1-092,Brown Butter Cornmeal Yogurt Cake,Dinner in One (Melissa Clark),cuisine+season_months
d1-093,Ricotta Olive Oil Pound Cake,Dinner in One (Melissa Clark),cuisine+season_months
d1-094,Tender Chocolate Coconut Cake,Dinner in One (Melissa Clark),cuisine+season_months
d1-095,Easy Chocolate Fudge Torte,Dinner in One (Melissa Clark),cuisine+season_months
d1-096,"White Bean, Citrus, and Avocado Salad with Herbs",Dinner in One (Melissa Clark),cuisine+season_months
d1-097,"Panzanella with Tuna, Mozzarella, and Capers",Dinner in One (Melissa Clark),cuisine+season_months
d1-098,Perfectly Adaptable Green Salad,Dinner in One (Melissa Clark),cuisine+season_months
d1-099,Hands-Off Baked Polenta,Dinner in One (Melissa Clark),cuisine+season_months
d1-100,Buttery No-Cook Couscous,Dinner in One (Melissa Clark),cuisine+season_months
d1-101,Homemade Chicken Stock,Dinner in One (Melissa Clark),cuisine+season_months
opop-001,"SAUSAGE, FENNEL + CHILLI PASTA","One Pot, One Portion (Eleanor Wilkinson)",cuisine+season_months
opop-002,CHICKEN PARMY,"One Pot, One Portion (Eleanor Wilkinson)",cuisine+season_months
opop-003,CRISPY CHILLI BEEF NOODLES,"One Pot, One Portion (Eleanor Wilkinson)",cuisine+season_months
opop-004,CHICKEN + BROCCOLI ALFREDO,"One Pot, One Portion (Eleanor Wilkinson)",cuisine+season_months
opop-005,MATAR PANEER,"One Pot, One Portion (Eleanor Wilkinson)",cuisine+season_months
opop-006,LASAGNE,"One Pot, One Portion (Eleanor Wilkinson)",cuisine+season_months
opop-007,PUMPKIN CURRY,"One Pot, One Portion (Eleanor Wilkinson)",cuisine+season_months
opop-008,FISH PIE,"One Pot, One Portion (Eleanor Wilkinson)",cuisine+season_months
opop-009,CREAMY BAKED GNOCCHI WITH SQUASH + SAUSAGE,"One Pot, One Portion (Eleanor Wilkinson)",cuisine+season_months
opop-010,PEANUT CURRY WITH TOFU + POTATOES,"One Pot, One Portion (Eleanor Wilkinson)",cuisine+season_months
opop-011,TOAD IN THE HOLE,"One Pot, One Portion (Eleanor Wilkinson)",cuisine+season_months
opop-012,RISOTTO CARBONARA,"One Pot, One Portion (Eleanor Wilkinson)",cuisine+season_months
opop-013,"CARAMELISED ONION, SQUASH + GOAT’S CHEESE TARTE TATIN","One Pot, One Portion (Eleanor Wilkinson)",cuisine+season_months
opop-014,CHILLI CON CARNE CON RICE,"One Pot, One Portion (Eleanor Wilkinson)",cuisine+season_months
opop-015,"CHICKEN, SWEETCORN + LEEK POT PIE","One Pot, One Portion (Eleanor Wilkinson)",cuisine+season_months
opop-016,PRAWN TOASTIE,"One Pot, One Portion (Eleanor Wilkinson)",cuisine+season_months
opop-017,"TARRAGON CHICKEN WITH LEEKS, PEAS + POTATOES","One Pot, One Portion (Eleanor Wilkinson)",cuisine+season_months
opop-018,MEATBALL + MOZZARELLA ORZO,"One Pot, One Portion (Eleanor Wilkinson)",cuisine+season_months
opop-019,HASH BROWN COTTAGE PIE,"One Pot, One Portion (Eleanor Wilkinson)",cuisine+season_months
opop-020,MAC + CHEESE WITH CRISPY ONIONS,"One Pot, One Portion (Eleanor Wilkinson)",cuisine+season_months
opop-021,PEACH + BURRATA ORZO SALAD,"One Pot, One Portion (Eleanor Wilkinson)",cuisine+season_months
opop-022,COURGETTE CARPACCIO WITH CRISPY CAPERS + BUTTER BEANS,"One Pot, One Portion (Eleanor Wilkinson)",cuisine+season_months
opop-023,CHICKEN CAESAR SALAD WITH CHICKEN-FAT PANKO CRUMBS,"One Pot, One Portion (Eleanor Wilkinson)",cuisine+season_months
opop-024,GINGER CHICKEN RICE BOWL,"One Pot, One Portion (Eleanor Wilkinson)",cuisine+season_months
opop-025,"CURRIED GNOCCHI, CORN + TOMATO BAKE","One Pot, One Portion (Eleanor Wilkinson)",cuisine+season_months
opop-026,HERBY CHICKEN + RICE SALAD,"One Pot, One Portion (Eleanor Wilkinson)",cuisine+season_months
opop-027,"SALMON, COCONUT + LEMONGRASS NOODLES","One Pot, One Portion (Eleanor Wilkinson)",cuisine+season_months
opop-028,"CHICKEN, MANGO + AVOCADO TACOS WITH LIME CREMA","One Pot, One Portion (Eleanor Wilkinson)",cuisine+season_months
opop-029,"ROASTED RED PEPPER, TOMATO + PRESERVED LEMON ORZO","One Pot, One Portion (Eleanor Wilkinson)",cuisine+season_months
opop-030,CHILAQUILES WITH EGG + FETA,"One Pot, One Portion (Eleanor Wilkinson)",cuisine+season_months
opop-031,PICKLED VEGETABLE SALAD WITH SOY-GLAZED MEATBALLS,"One Pot, One Portion (Eleanor Wilkinson)",cuisine+season_months
opop-032,HALLOUMI OR COD PROVENÇAL,"One Pot, One Portion (Eleanor Wilkinson)",cuisine+season_months
opop-033,JERK CHICKEN WITH COCONUT RICE + PINEAPPLE,"One Pot, One Portion (Eleanor Wilkinson)",cuisine+season_months
opop-034,SATAY SLAW WITH CURRIED CHICKEN SKEWERS,"One Pot, One Portion (Eleanor Wilkinson)",cuisine+season_months
opop-035,PORK + PINEAPPLE FLATBREAD,"One Pot, One Portion (Eleanor Wilkinson)",cuisine+season_months
opop-036,CHIPOTLE PULLED CHICKEN WITH AVOCADO + TOMATO SALSA + TORTILLA CHIPS,"One Pot, One Portion (Eleanor Wilkinson)",cuisine+season_months
opop-037,PEANUT NOODLE SALAD,"One Pot, One Portion (Eleanor Wilkinson)",cuisine+season_months
opop-038,GREEN CURRY COCONUT RICE,"One Pot, One Portion (Eleanor Wilkinson)",cuisine+season_months
opop-039,PORK + GINGER LETTUCE WRAPS,"One Pot, One Portion (Eleanor Wilkinson)",cuisine+season_months
opop-040,VEGETABLE PANCAKE WITH A CHILLI CRISP EGG,"One Pot, One Portion (Eleanor Wilkinson)",cuisine+season_months
opop-041,BROTHY PASTA WITH BEANS + GREENS,"One Pot, One Portion (Eleanor Wilkinson)",cuisine+season_months
opop-042,"CHORIZO, POTATO + FETA FRITTATA","One Pot, One Portion (Eleanor Wilkinson)",cuisine+season_months
opop-043,CHICKEN + SWEETCORN SOUP,"One Pot, One Portion (Eleanor Wilkinson)",cuisine+season_months
opop-044,CREAMY GREEN LINGUINE,"One Pot, One Portion (Eleanor Wilkinson)",cuisine+season_months
opop-045,GYOZA STIR FRY,"One Pot, One Portion (Eleanor Wilkinson)",cuisine+season_months
opop-046,SMASH BURGER FLATBREAD,"One Pot, One Portion (Eleanor Wilkinson)",cuisine+season_months
opop-047,LOADED JACKET POTATO,"One Pot, One Portion (Eleanor Wilkinson)",cuisine+season_months
opop-048,"KALE, SALMON + SWEET POTATO SALAD WITH A CREAMY GARLIC DRESSING","One Pot, One Portion (Eleanor Wilkinson)",cuisine+season_months
opop-049,CROQUE MADAME PASTRY,"One Pot, One Portion (Eleanor Wilkinson)",cuisine+season_months
opop-050,GNOCCHI CON TOMATE,"One Pot, One Portion (Eleanor Wilkinson)",cuisine+season_months
opop-051,TORTELLINI + SAUSAGE SOUP,"One Pot, One Portion (Eleanor Wilkinson)",cuisine+season_months
opop-052,FISH FINGER SANDWICH WITH CRISPY CAPERS,"One Pot, One Portion (Eleanor Wilkinson)",cuisine+season_months
opop-053,CREAMY SCRAMBLED EGGS WITH COTTAGE CHEESE,"One Pot, One Portion (Eleanor Wilkinson)",cuisine+season_months
opop-054,CHEESY GOCHUJANG NOODLES,"One Pot, One Portion (Eleanor Wilkinson)",cuisine+season_months
opop-055,HASH BROWN BREAKFAST SKILLET,"One Pot, One Portion (Eleanor Wilkinson)",cuisine+season_months
opop-056,"CHICKPEA, TURMERIC + COCONUT CURRY","One Pot, One Portion (Eleanor Wilkinson)",cuisine+season_months
opop-057,PRAWN + CHORIZO PIL PIL,"One Pot, One Portion (Eleanor Wilkinson)",cuisine+season_months
opop-058,MARMALADE SAUSAGE TRAYBAKE,"One Pot, One Portion (Eleanor Wilkinson)",cuisine+season_months
opop-059,STEAK + CRISP SANDWICH WITH CHIMICHURRI,"One Pot, One Portion (Eleanor Wilkinson)",cuisine+season_months
opop-060,"TUNA TOSTADAS WITH AVOCADO, JALAPEÑOS + PICKLED GINGER","One Pot, One Portion (Eleanor Wilkinson)",cuisine+season_months
opop-061,MORTADELLA + MOZZARELLA FOCACCIA,"One Pot, One Portion (Eleanor Wilkinson)",cuisine+season_months
opop-062,LOBSTER SPAGHETTI WITH LEMON + TOMATOES,"One Pot, One Portion (Eleanor Wilkinson)",cuisine+season_months
opop-063,TRUFFLED MUSHROOM PAPPARDELLE,"One Pot, One Portion (Eleanor Wilkinson)",cuisine+season_months
opop-064,CHICKEN OR PANEER BIRYANI,"One Pot, One Portion (Eleanor Wilkinson)",cuisine+season_months
opop-065,FRENCH ONION SOUP,"One Pot, One Portion (Eleanor Wilkinson)",cuisine+season_months
opop-066,SALAMI + HOT HONEY FRYING PAN PIZZA,"One Pot, One Portion (Eleanor Wilkinson)",cuisine+season_months
opop-067,FRESH PICI PASTA WITH PESTO,"One Pot, One Portion (Eleanor Wilkinson)",cuisine+season_months
opop-068,SPICED LAMB STEAK WITH CORIANDER + DATE CHUTNEY,"One Pot, One Portion (Eleanor Wilkinson)",cuisine+season_months
opop-069,BEEF WELLINGTON WITH ROASTED POTATOES + ONIONS,"One Pot, One Portion (Eleanor Wilkinson)",cuisine+season_months
opop-070,CAJUN SHRIMP BOIL,"One Pot, One Portion (Eleanor Wilkinson)",cuisine+season_months
opop-071,BACON + POTATO GRATIN,"One Pot, One Portion (Eleanor Wilkinson)",cuisine+season_months
opop-072,TUSCAN CHICKEN + POTATO,"One Pot, One Portion (Eleanor Wilkinson)",cuisine+season_months
opop-073,"ROAST CHICKEN WITH SAGE, ONION + CHESTNUT STUFFING","One Pot, One Portion (Eleanor Wilkinson)",cuisine+season_months
opop-074,ROAST PORK BELLY WITH APPLE + SHALLOT GRAVY,"One Pot, One Portion (Eleanor Wilkinson)",cuisine+season_months
opop-075,PORK + KIMCHI STEAMED BUNS,"One Pot, One Portion (Eleanor Wilkinson)",cuisine+season_months
opop-076,CHICKEN + PRAWN PAELLA,"One Pot, One Portion (Eleanor Wilkinson)",cuisine+season_months
opop-077,SPICED LAMB + AUBERGINE WITH PITTA,"One Pot, One Portion (Eleanor Wilkinson)",cuisine+season_months
opop-078,PEACH + CINNAMON COBBLER,"One Pot, One Portion (Eleanor Wilkinson)",cuisine+season_months
opop-079,SELF-SAUCING STICKY TOFFEE PUDDING,"One Pot, One Portion (Eleanor Wilkinson)",cuisine+season_months
opop-080,LEMON BREAD + BUTTER PUDDING,"One Pot, One Portion (Eleanor Wilkinson)",cuisine+season_months
opop-081,BAKED PEACHES WITH CARAMEL SAUCE,"One Pot, One Portion (Eleanor Wilkinson)",cuisine+season_months
opop-082,CHOCOLATE CHIP COOKIE SKILLET,"One Pot, One Portion (Eleanor Wilkinson)",cuisine+season_months
opop-083,CHOCOLATE BROWNIE,"One Pot, One Portion (Eleanor Wilkinson)",cuisine+season_months
opop-084,APPLE TARTE TATIN,"One Pot, One Portion (Eleanor Wilkinson)",cuisine+season_months
opop-085,BROWN SUGAR PLUM PIE,"One Pot, One Portion (Eleanor Wilkinson)",cuisine+season_months
opop-086,GINGER + LIME POACHED PEAR,"One Pot, One Portion (Eleanor Wilkinson)",cuisine+season_months
opop-087,MARYLAND COOKIE CAKE,"One Pot, One Portion (Eleanor Wilkinson)",cuisine+season_months
opop-088,STRAWBERRY CHEESECAKE,"One Pot, One Portion (Eleanor Wilkinson)",cuisine+season_months
opop-089,CARDAMOM + COCONUT RICE PUDDING WITH MANGO,"One Pot, One Portion (Eleanor Wilkinson)",cuisine+season_months
opop-090,BANOFFEE PIE MILKSHAKE,"One Pot, One Portion (Eleanor Wilkinson)",cuisine+season_months
opop-091,MAPLE NUT GRANOLA,"One Pot, One Portion (Eleanor Wilkinson)",cuisine+season_months
opop-092,APPLE CRUMBLE,"One Pot, One Portion (Eleanor Wilkinson)",cuisine+season_months
opop-093,CINNAMON BUN,"One Pot, One Portion (Eleanor Wilkinson)",cuisine+season_months
opop-094,HONEY NUT FILO PARCELS,"One Pot, One Portion (Eleanor Wilkinson)",cuisine+season_months
opop-095,SELF-SAUCING CHOCOLATE MUG CAKE,"One Pot, One Portion (Eleanor Wilkinson)",cuisine+season_months
jone-001,SMOKED SALMON PASTA,One: Simple One-Pan Wonders (Jamie Oliver),cuisine+season_months
jone-002,BALSAMIC PEPPER PASTA,One: Simple One-Pan Wonders (Jamie Oliver),cuisine+season_months
jone-003,MUSHROOM CARBONARA,One: Simple One-Pan Wonders (Jamie Oliver),cuisine+season_months
jone-004,STRACCI PRIMAVERA,One: Simple One-Pan Wonders (Jamie Oliver),cuisine+season_months
jone-005,SAUSAGE PAPPARDELLE,One: Simple One-Pan Wonders (Jamie Oliver),cuisine+season_months
jone-006,GARLIC MUSHROOM TAGLIATELLE,One: Simple One-Pan Wonders (Jamie Oliver),cuisine+season_months
jone-007,SWEET PEPPER PESTO PASTA,One: Simple One-Pan Wonders (Jamie Oliver),cuisine+season_months
jone-008,PRAWN TAGLIERINI,One: Simple One-Pan Wonders (Jamie Oliver),cuisine+season_months
jone-009,SMOKED PANCETTA & BEAN PASTA,One: Simple One-Pan Wonders (Jamie Oliver),cuisine+season_months
jone-010,BROCCOLI & ANCHOVY PASTA,One: Simple One-Pan Wonders (Jamie Oliver),cuisine+season_months
jone-011,MUSSEL FAGIOLI PASTA,One: Simple One-Pan Wonders (Jamie Oliver),cuisine+season_months
jone-012,SQUASH & CHICKPEA PASTA,One: Simple One-Pan Wonders (Jamie Oliver),cuisine+season_months
jone-013,TUNA SWEETCORN TAGLIATELLE,One: Simple One-Pan Wonders (Jamie Oliver),cuisine+season_months
jone-014,CHRISTMAS PASTA,One: Simple One-Pan Wonders (Jamie Oliver),cuisine+season_months
jone-015,SWEET TOMATO GNOCCHI,One: Simple One-Pan Wonders (Jamie Oliver),cuisine+season_months
jone-016,ROASTED MUSHROOM SALAD,One: Simple One-Pan Wonders (Jamie Oliver),cuisine+season_months
jone-017,CRAZY-PAVING CANNELLONI,One: Simple One-Pan Wonders (Jamie Oliver),cuisine+season_months
jone-018,SWEET RED ONION SALAD,One: Simple One-Pan Wonders (Jamie Oliver),cuisine+season_months
jone-019,SUMPTUOUS SQUASH SOUP,One: Simple One-Pan Wonders (Jamie Oliver),cuisine+season_months
jone-020,BUDDY’S PASTA BAKE,One: Simple One-Pan Wonders (Jamie Oliver),cuisine+season_months
jone-021,GIANT MUSHROOM BUN,One: Simple One-Pan Wonders (Jamie Oliver),cuisine+season_months
jone-022,COMFORTING ROSY RICE,One: Simple One-Pan Wonders (Jamie Oliver),cuisine+season_months
jone-023,SHREDDED WINTER SALAD,One: Simple One-Pan Wonders (Jamie Oliver),cuisine+season_months
jone-024,MUSHROOM & TOFU NOODLES,One: Simple One-Pan Wonders (Jamie Oliver),cuisine+season_months
jone-025,HASSELBACK AUBERGINE PIE,One: Simple One-Pan Wonders (Jamie Oliver),cuisine+season_months
jone-026,ROASTED CARROT SALAD,One: Simple One-Pan Wonders (Jamie Oliver),cuisine+season_months
jone-027,CRISPY LAYERED POTATOES,One: Simple One-Pan Wonders (Jamie Oliver),cuisine+season_months
jone-028,VEGGIE STEW & DUMPLINGS,One: Simple One-Pan Wonders (Jamie Oliver),cuisine+season_months
jone-029,HODGEPODGE SOUP,One: Simple One-Pan Wonders (Jamie Oliver),cuisine+season_months
jone-030,TOMATO FRITTERS,One: Simple One-Pan Wonders (Jamie Oliver),cuisine+season_months
jone-031,CAJUN CHICKEN TRAYBAKE,One: Simple One-Pan Wonders (Jamie Oliver),cuisine+season_months
jone-032,CHICKEN & MUSHROOM PUFF PIE,One: Simple One-Pan Wonders (Jamie Oliver),cuisine+season_months
jone-033,POACHED CHICKEN SOUP,One: Simple One-Pan Wonders (Jamie Oliver),cuisine+season_months
jone-034,SWEET & SOUR ROAST CHICKEN,One: Simple One-Pan Wonders (Jamie Oliver),cuisine+season_months
jone-035,COMFORTING CHICKEN STEW,One: Simple One-Pan Wonders (Jamie Oliver),cuisine+season_months
jone-036,JUICY TAHINI CHICKEN,One: Simple One-Pan Wonders (Jamie Oliver),cuisine+season_months
jone-037,ROSEMARY ROAST CHICKEN,One: Simple One-Pan Wonders (Jamie Oliver),cuisine+season_months
jone-038,HONEY ROAST CHICKEN,One: Simple One-Pan Wonders (Jamie Oliver),cuisine+season_months
jone-039,PAPRIKA ROAST CHICKEN,One: Simple One-Pan Wonders (Jamie Oliver),cuisine+season_months
jone-040,MISO ROAST CHICKEN,One: Simple One-Pan Wonders (Jamie Oliver),cuisine+season_months
jone-041,CHEERFUL CHICKEN CAESAR,One: Simple One-Pan Wonders (Jamie Oliver),cuisine+season_months
jone-042,SMASHED LEMONGRASS CHICKEN,One: Simple One-Pan Wonders (Jamie Oliver),cuisine+season_months
jone-043,HARISSA CHICKEN DINNER,One: Simple One-Pan Wonders (Jamie Oliver),cuisine+season_months
jone-044,TURMERIC CHICKEN BAKE,One: Simple One-Pan Wonders (Jamie Oliver),cuisine+season_months
jone-045,FESTIVE ROAST CHICKEN,One: Simple One-Pan Wonders (Jamie Oliver),cuisine+season_months
jone-046,GIANT YORKSHIRE PUDDING,One: Simple One-Pan Wonders (Jamie Oliver),cuisine+season_months
jone-047,TASTY VEGGIE TORTILLA,One: Simple One-Pan Wonders (Jamie Oliver),cuisine+season_months
jone-048,SPICED POTATO BUNS,One: Simple One-Pan Wonders (Jamie Oliver),cuisine+season_months
jone-049,MUSHROOM SHAKSHUKA,One: Simple One-Pan Wonders (Jamie Oliver),cuisine+season_months
jone-050,AUBERGINE SHAKSHUKA,One: Simple One-Pan Wonders (Jamie Oliver),cuisine+season_months
jone-051,GREEN SHAKSHUKA,One: Simple One-Pan Wonders (Jamie Oliver),cuisine+season_months
jone-052,FENNEL & SARDINE SHAKSHUKA,One: Simple One-Pan Wonders (Jamie Oliver),cuisine+season_months
jone-053,CHICKPEA SHAKSHUKA,One: Simple One-Pan Wonders (Jamie Oliver),cuisine+season_months
jone-054,SPAGHETTI FRITTATA,One: Simple One-Pan Wonders (Jamie Oliver),cuisine+season_months
jone-055,PICK-ME-UP CHILLI FRIED EGGS,One: Simple One-Pan Wonders (Jamie Oliver),cuisine+season_months
jone-056,LOADED BEEFBURGER,One: Simple One-Pan Wonders (Jamie Oliver),cuisine+season_months
jone-057,LOADED VEGGIE BURGER,One: Simple One-Pan Wonders (Jamie Oliver),cuisine+season_months
jone-058,SWEETCORN FRITTERS,One: Simple One-Pan Wonders (Jamie Oliver),cuisine+season_months
jone-059,PIRI PIRI CRISPY CHICKEN BUNS,One: Simple One-Pan Wonders (Jamie Oliver),cuisine+season_months
jone-060,AUBERGINE PARMIGIANA BURGER,One: Simple One-Pan Wonders (Jamie Oliver),cuisine+season_months
jone-061,CRISPY FISH BUNS,One: Simple One-Pan Wonders (Jamie Oliver),cuisine+season_months
jone-062,CHEESE & HAM,One: Simple One-Pan Wonders (Jamie Oliver),cuisine+season_months
jone-063,TUNA & BEAN,One: Simple One-Pan Wonders (Jamie Oliver),cuisine+season_months
jone-064,QUICK QUESADILLA,One: Simple One-Pan Wonders (Jamie Oliver),cuisine+season_months
jone-065,FRAGRANT FISH STEW,One: Simple One-Pan Wonders (Jamie Oliver),cuisine+season_months
jone-066,UPSIDE DOWN FISH PIE,One: Simple One-Pan Wonders (Jamie Oliver),cuisine+season_months
jone-067,FANTASTIC FISHCAKES,One: Simple One-Pan Wonders (Jamie Oliver),cuisine+season_months
jone-068,TERIYAKI PRAWNS,One: Simple One-Pan Wonders (Jamie Oliver),cuisine+season_months
jone-069,BROCCOLI & TUNA SALAD,One: Simple One-Pan Wonders (Jamie Oliver),cuisine+season_months
jone-070,SALMON & PRAWN PIE IN A PAN,One: Simple One-Pan Wonders (Jamie Oliver),cuisine+season_months
jone-071,SMOKY MUSSEL LAKSA,One: Simple One-Pan Wonders (Jamie Oliver),cuisine+season_months
jone-072,BEET & POTATO,One: Simple One-Pan Wonders (Jamie Oliver),cuisine+season_months
jone-073,SPINACH & GNOCCHI,One: Simple One-Pan Wonders (Jamie Oliver),cuisine+season_months
jone-074,PEPPER & CHICKPEA,One: Simple One-Pan Wonders (Jamie Oliver),cuisine+season_months
jone-075,PRAWN PANCAKE,One: Simple One-Pan Wonders (Jamie Oliver),cuisine+season_months
jone-076,MIXED SEAFOOD STEW,One: Simple One-Pan Wonders (Jamie Oliver),cuisine+season_months
jone-077,PRAWN FRIED RICE,One: Simple One-Pan Wonders (Jamie Oliver),cuisine+season_months
jone-078,CRISPY PESTO SALMON,One: Simple One-Pan Wonders (Jamie Oliver),cuisine+season_months
jone-079,VIBRANT FISH TACOS,One: Simple One-Pan Wonders (Jamie Oliver),cuisine+season_months
jone-080,CUBAN MOJO FISH,One: Simple One-Pan Wonders (Jamie Oliver),cuisine+season_months
jone-081,PEA & PRAWN KEDGEREE,One: Simple One-Pan Wonders (Jamie Oliver),cuisine+season_months
jone-082,TUNA & SMOKY PEPPER SAUCE,One: Simple One-Pan Wonders (Jamie Oliver),cuisine+season_months
jone-083,SESAME SEARED SALMON,One: Simple One-Pan Wonders (Jamie Oliver),cuisine+season_months
jone-084,50/50 MEATBALLS,One: Simple One-Pan Wonders (Jamie Oliver),cuisine+season_months
jone-085,TENDER GLAZED LAMB SHANKS,One: Simple One-Pan Wonders (Jamie Oliver),cuisine+season_months
jone-086,SAUSAGE KEBABS,One: Simple One-Pan Wonders (Jamie Oliver),cuisine+season_months
jone-087,GNARLY DUKKAH ROAST LAMB,One: Simple One-Pan Wonders (Jamie Oliver),cuisine+season_months
jone-088,BEEF SHORT RIBS,One: Simple One-Pan Wonders (Jamie Oliver),cuisine+season_months
jone-089,LAMB & CHICKPEA KOFTAS,One: Simple One-Pan Wonders (Jamie Oliver),cuisine+season_months
jone-090,PARMESAN PROSCIUTTO STEAK,One: Simple One-Pan Wonders (Jamie Oliver),cuisine+season_months
jone-091,STICKY PEANUT STEAK,One: Simple One-Pan Wonders (Jamie Oliver),cuisine+season_months
jone-092,SMASHIN’ SALAMI PORK,One: Simple One-Pan Wonders (Jamie Oliver),cuisine+season_months
jone-093,SMOKY PANCETTA PORK,One: Simple One-Pan Wonders (Jamie Oliver),cuisine+season_months
jone-094,ROLLED PORK BELLY,One: Simple One-Pan Wonders (Jamie Oliver),cuisine+season_months
jone-095,ROAST TOPSIDE OF BEEF,One: Simple One-Pan Wonders (Jamie Oliver),cuisine+season_months
jone-096,LEMON HONEY PORK RIBS,One: Simple One-Pan Wonders (Jamie Oliver),cuisine+season_months
jone-097,EASY LAMB HOTPOT,One: Simple One-Pan Wonders (Jamie Oliver),cuisine+season_months
jone-098,CLEMENTINE ROAST DUCK,One: Simple One-Pan Wonders (Jamie Oliver),cuisine+season_months
jone-099,PISTACHIO TAPENADE LAMB,One: Simple One-Pan Wonders (Jamie Oliver),cuisine+season_months
jone-100,MY HOT & SOUR SOUP,One: Simple One-Pan Wonders (Jamie Oliver),cuisine+season_months
jone-101,GIANT MADRAS-SPICED MEATBALLS,One: Simple One-Pan Wonders (Jamie Oliver),cuisine+season_months
jone-102,MISO SEARED STEAK,One: Simple One-Pan Wonders (Jamie Oliver),cuisine+season_months
jone-103,SWEET POTATO CHILLI,One: Simple One-Pan Wonders (Jamie Oliver),cuisine+season_months
jone-104,50/50 BOLOGNESE,One: Simple One-Pan Wonders (Jamie Oliver),cuisine+season_months
jone-105,SPICED LENTIL STEW,One: Simple One-Pan Wonders (Jamie Oliver),cuisine+season_months
jone-106,OUTRAGEOUS PULLED PORK,One: Simple One-Pan Wonders (Jamie Oliver),cuisine+season_months
jone-107,CHICKPEA & SQUASH CASSEROLE,One: Simple One-Pan Wonders (Jamie Oliver),cuisine+season_months
jone-108,CHOCOLATE PARTY CAKE,One: Simple One-Pan Wonders (Jamie Oliver),cuisine+season_months
jone-109,PETAL’S PUDDING,One: Simple One-Pan Wonders (Jamie Oliver),cuisine+season_months
jone-110,STICKY FUDGE PUDDING,One: Simple One-Pan Wonders (Jamie Oliver),cuisine+season_months
jone-111,BAKED LEMON CHEESECAKE,One: Simple One-Pan Wonders (Jamie Oliver),cuisine+season_months
jone-112,SQUODGY CROISSANT LOAF,One: Simple One-Pan Wonders (Jamie Oliver),cuisine+season_months
jone-113,HONEY ORANGE TRAYCAKE,One: Simple One-Pan Wonders (Jamie Oliver),cuisine+season_months
jone-114,PEAR & GINGERBREAD CAKE,One: Simple One-Pan Wonders (Jamie Oliver),cuisine+season_months
jone-115,CHERRY RICE PUDDING,One: Simple One-Pan Wonders (Jamie Oliver),cuisine+season_months
jone-116,AFTERNOON TEA LAYER CAKE,One: Simple One-Pan Wonders (Jamie Oliver),cuisine+season_months
jone-117,ICED BUNS,One: Simple One-Pan Wonders (Jamie Oliver),cuisine+season_months
jone-118,APPLE CUSTARD TART,One: Simple One-Pan Wonders (Jamie Oliver),cuisine+season_months
jone-119,ROLLED CARROT CAKE,One: Simple One-Pan Wonders (Jamie Oliver),cuisine+season_months
jone-120,BLONDIE CAKE,One: Simple One-Pan Wonders (Jamie Oliver),cuisine+season_months
jone-121,RIPPLED FRO-YO,One: Simple One-Pan Wonders (Jamie Oliver),cuisine+season_months
jone-122,TOFFEE APPLE BUNS,One: Simple One-Pan Wonders (Jamie Oliver),cuisine+season_months
jone-123,SPECIAL DIET-FRIENDLY RECIPES,One: Simple One-Pan Wonders (Jamie Oliver),cuisine+season_months
jone-124,BOOKS BY JAMIE OLIVER,One: Simple One-Pan Wonders (Jamie Oliver),cuisine+season_months
ucfo-001,Maple Pecan Breakfast Bread Pudding,The Ultimate Cooking for One Cookbook,cuisine+season_months
ucfo-002,Denver Omelette,The Ultimate Cooking for One Cookbook,cuisine+season_months
ucfo-003,Small-Batch Maple Nut Granola,The Ultimate Cooking for One Cookbook,cuisine+season_months
ucfo-004,Pancakes for One,The Ultimate Cooking for One Cookbook,cuisine+season_months
ucfo-005,Lemon Blueberry Scones,The Ultimate Cooking for One Cookbook,cuisine+season_months
ucfo-006,Buttermilk Biscuits,The Ultimate Cooking for One Cookbook,cuisine+season_months
ucfo-007,Cheesy Baked Eggs,The Ultimate Cooking for One Cookbook,cuisine+season_months
ucfo-008,Fruit-Filled Overnight Oats,The Ultimate Cooking for One Cookbook,cuisine+season_months
ucfo-009,Waffle for One,The Ultimate Cooking for One Cookbook,cuisine+season_months
ucfo-010,Ham and Cheese Crustless Quiche,The Ultimate Cooking for One Cookbook,cuisine+season_months
ucfo-011,Overnight French Toast Casserole with Streusel Topping,The Ultimate Cooking for One Cookbook,cuisine+season_months
ucfo-012,Cinnamon Coffee Cake with Streusel Topping,The Ultimate Cooking for One Cookbook,cuisine+season_months
ucfo-013,Blueberry Muffin,The Ultimate Cooking for One Cookbook,cuisine+season_months
ucfo-014,Overnight Breakfast Casserole,The Ultimate Cooking for One Cookbook,cuisine+season_months
ucfo-015,Triple Chocolate Scones,The Ultimate Cooking for One Cookbook,cuisine+season_months
ucfo-016,Strawberry Banana Smoothie,The Ultimate Cooking for One Cookbook,cuisine+season_months
ucfo-017,Mango Oat Breakfast Smoothie,The Ultimate Cooking for One Cookbook,cuisine+season_months
ucfo-018,Fruit-Filled Baked Oatmeal,The Ultimate Cooking for One Cookbook,cuisine+season_months
ucfo-019,Microwave Ham and Swiss Scrambled Eggs,The Ultimate Cooking for One Cookbook,cuisine+season_months
ucfo-020,Bananas Foster Oatmeal,The Ultimate Cooking for One Cookbook,cuisine+season_months
ucfo-021,Corn Bread,The Ultimate Cooking for One Cookbook,cuisine+season_months
ucfo-022,Roasted Garlic Cauliflower,The Ultimate Cooking for One Cookbook,cuisine+season_months
ucfo-023,Oven-Roasted Potatoes,The Ultimate Cooking for One Cookbook,cuisine+season_months
ucfo-024,Roasted Broccoli,The Ultimate Cooking for One Cookbook,cuisine+season_months
ucfo-025,Mashed Potatoes,The Ultimate Cooking for One Cookbook,cuisine+season_months
ucfo-026,Scalloped Potatoes,The Ultimate Cooking for One Cookbook,cuisine+season_months
ucfo-027,Roasted Beets with Goat Cheese,The Ultimate Cooking for One Cookbook,cuisine+season_months
ucfo-028,Classic Deviled Eggs,The Ultimate Cooking for One Cookbook,cuisine+season_months
ucfo-029,Guacamole,The Ultimate Cooking for One Cookbook,cuisine+season_months
ucfo-030,Baked Sweet Potato Fries,The Ultimate Cooking for One Cookbook,cuisine+season_months
ucfo-031,Garlic Sesame Green Beans,The Ultimate Cooking for One Cookbook,cuisine+season_months
ucfo-032,Sweet Potato Casserole,The Ultimate Cooking for One Cookbook,cuisine+season_months
ucfo-033,Ham and Pineapple–Stuffed Sweet Potato,The Ultimate Cooking for One Cookbook,cuisine+season_months
ucfo-034,Rice Pilaf,The Ultimate Cooking for One Cookbook,cuisine+season_months
ucfo-035,Sausage Pine Nut Dressing,The Ultimate Cooking for One Cookbook,cuisine+season_months
ucfo-036,Roasted Butternut Squash Soup,The Ultimate Cooking for One Cookbook,cuisine+season_months
ucfo-037,Creamy Carrot Soup,The Ultimate Cooking for One Cookbook,cuisine+season_months
ucfo-038,French Onion Soup,The Ultimate Cooking for One Cookbook,cuisine+season_months
ucfo-039,Pear Salad with Blue Cheese Crumbles,The Ultimate Cooking for One Cookbook,cuisine+season_months
ucfo-040,Waldorf Salad,The Ultimate Cooking for One Cookbook,cuisine+season_months
ucfo-041,Butter Chicken,The Ultimate Cooking for One Cookbook,cuisine+season_months
ucfo-042,Chicken Alfredo,The Ultimate Cooking for One Cookbook,cuisine+season_months
ucfo-043,Lemon and Garlic Chicken,The Ultimate Cooking for One Cookbook,cuisine+season_months
ucfo-044,White Chicken Chili,The Ultimate Cooking for One Cookbook,cuisine+season_months
ucfo-045,Sweet and Spicy Baked Chicken Wings,The Ultimate Cooking for One Cookbook,cuisine+season_months
ucfo-046,Southwestern Chicken Wrap,The Ultimate Cooking for One Cookbook,cuisine+season_months
ucfo-047,Chicken with Creamy Paprika Sauce,The Ultimate Cooking for One Cookbook,cuisine+season_months
ucfo-048,Baked Chicken Parmesan,The Ultimate Cooking for One Cookbook,cuisine+season_months
ucfo-049,Chicken with Herb-Roasted Tomatoes and Garlic,The Ultimate Cooking for One Cookbook,cuisine+season_months
ucfo-050,Chicken Pesto Pasta,The Ultimate Cooking for One Cookbook,cuisine+season_months
ucfo-051,Spicy Chicken Sandwich,The Ultimate Cooking for One Cookbook,cuisine+season_months
ucfo-052,Baked Chicken Caprese,The Ultimate Cooking for One Cookbook,cuisine+season_months
ucfo-053,Chicken with Mustard Tarragon Sauce,The Ultimate Cooking for One Cookbook,cuisine+season_months
ucfo-054,Chicken Enchiladas,The Ultimate Cooking for One Cookbook,cuisine+season_months
ucfo-055,Chicken Cobb Salad,The Ultimate Cooking for One Cookbook,cuisine+season_months
ucfo-056,Chicken Fried Rice,The Ultimate Cooking for One Cookbook,cuisine+season_months
ucfo-057,Chicken Jambalaya,The Ultimate Cooking for One Cookbook,cuisine+season_months
ucfo-058,Buffalo Chicken Salad,The Ultimate Cooking for One Cookbook,cuisine+season_months
ucfo-059,Baked Chicken Tenders,The Ultimate Cooking for One Cookbook,cuisine+season_months
ucfo-060,Barbecue Chicken Drumsticks,The Ultimate Cooking for One Cookbook,cuisine+season_months
ucfo-061,Beef Stew,The Ultimate Cooking for One Cookbook,cuisine+season_months
ucfo-062,Beef Stroganoff,The Ultimate Cooking for One Cookbook,cuisine+season_months
ucfo-063,Vegetable Beef Soup,The Ultimate Cooking for One Cookbook,cuisine+season_months
ucfo-064,Spanish Rice,The Ultimate Cooking for One Cookbook,cuisine+season_months
ucfo-065,Salisbury Steak,The Ultimate Cooking for One Cookbook,cuisine+season_months
ucfo-066,Classic Meatloaf,The Ultimate Cooking for One Cookbook,cuisine+season_months
ucfo-067,Stuffed Pepper,The Ultimate Cooking for One Cookbook,cuisine+season_months
ucfo-068,Italian Wedding Soup,The Ultimate Cooking for One Cookbook,cuisine+season_months
ucfo-069,Oven-Baked Pork Chop,The Ultimate Cooking for One Cookbook,cuisine+season_months
ucfo-070,Beef Fajitas,The Ultimate Cooking for One Cookbook,cuisine+season_months
ucfo-071,Sausage and Peppers Sheet Pan Meal,The Ultimate Cooking for One Cookbook,cuisine+season_months
ucfo-072,Vegetable and Pork Bowl,The Ultimate Cooking for One Cookbook,cuisine+season_months
ucfo-073,Crustless Goat Cheese and Prosciutto Quiche,The Ultimate Cooking for One Cookbook,cuisine+season_months
ucfo-074,Pork and Zucchini Stir-Fry,The Ultimate Cooking for One Cookbook,cuisine+season_months
ucfo-075,Sausage and Pepper Hoagie,The Ultimate Cooking for One Cookbook,cuisine+season_months
ucfo-076,Spicy Sausage Pasta,The Ultimate Cooking for One Cookbook,cuisine+season_months
ucfo-077,Petite Filet with Mushroom Sauce,The Ultimate Cooking for One Cookbook,cuisine+season_months
ucfo-078,Beef Chili,The Ultimate Cooking for One Cookbook,cuisine+season_months
ucfo-079,Spaghetti Bolognese,The Ultimate Cooking for One Cookbook,cuisine+season_months
ucfo-080,Loaded Beef Nachos,The Ultimate Cooking for One Cookbook,cuisine+season_months
ucfo-081,Shepherd’s Pie,The Ultimate Cooking for One Cookbook,cuisine+season_months
ucfo-082,Zucchini Lasagna,The Ultimate Cooking for One Cookbook,cuisine+season_months
ucfo-083,Baked Stuffed Fish Fillet,The Ultimate Cooking for One Cookbook,cuisine+season_months
ucfo-084,Shrimp Creole,The Ultimate Cooking for One Cookbook,cuisine+season_months
ucfo-085,Shrimp and Sausage Jambalaya,The Ultimate Cooking for One Cookbook,cuisine+season_months
ucfo-086,Salmon Baked in Foil,The Ultimate Cooking for One Cookbook,cuisine+season_months
ucfo-087,Roasted Salmon with Maple and Mustard,The Ultimate Cooking for One Cookbook,cuisine+season_months
ucfo-088,Baked Fish with Salsa,The Ultimate Cooking for One Cookbook,cuisine+season_months
ucfo-089,Shrimp Fettuccine,The Ultimate Cooking for One Cookbook,cuisine+season_months
ucfo-090,Lemon Garlic Baked Shrimp,The Ultimate Cooking for One Cookbook,cuisine+season_months
ucfo-091,Smoky Baked Catfish,The Ultimate Cooking for One Cookbook,cuisine+season_months
ucfo-092,Eggs with Smoked Salmon and Pesto,The Ultimate Cooking for One Cookbook,cuisine+season_months
ucfo-093,Broiled Salmon with Roasted Zucchini,The Ultimate Cooking for One Cookbook,cuisine+season_months
ucfo-094,Tuna Casserole,The Ultimate Cooking for One Cookbook,cuisine+season_months
ucfo-095,Lemon and Herb–Roasted Salmon,The Ultimate Cooking for One Cookbook,cuisine+season_months
ucfo-096,Shrimp Quesadilla,The Ultimate Cooking for One Cookbook,cuisine+season_months
ucfo-097,Barbecue Shrimp,The Ultimate Cooking for One Cookbook,cuisine+season_months
ucfo-098,Crawfish Pasta,The Ultimate Cooking for One Cookbook,cuisine+season_months
ucfo-099,Mediterranean Shrimp and Pasta,The Ultimate Cooking for One Cookbook,cuisine+season_months
ucfo-100,Baked Cod with Chermoula,The Ultimate Cooking for One Cookbook,cuisine+season_months
ucfo-101,Crawfish Beignets,The Ultimate Cooking for One Cookbook,cuisine+season_months
ucfo-102,Shrimp Tacos with Avocado Purée,The Ultimate Cooking for One Cookbook,cuisine+season_months
ucfo-103,Baked Catfish,The Ultimate Cooking for One Cookbook,cuisine+season_months
ucfo-104,Twice-Baked Eggplant,The Ultimate Cooking for One Cookbook,cuisine+season_months
ucfo-105,Caprese Toast,The Ultimate Cooking for One Cookbook,cuisine+season_months
ucfo-106,Mushroom and Herb Crustless Quiche,The Ultimate Cooking for One Cookbook,cuisine+season_months
ucfo-107,Skillet Ratatouille,The Ultimate Cooking for One Cookbook,cuisine+season_months
ucfo-108,Baked Pasta with Roasted Vegetables,The Ultimate Cooking for One Cookbook,cuisine+season_months
ucfo-109,Caprese Pasta,The Ultimate Cooking for One Cookbook,cuisine+season_months
ucfo-110,Spinach Pesto Pasta,The Ultimate Cooking for One Cookbook,cuisine+season_months
ucfo-111,Cheesy Vegetarian Pasta Bake,The Ultimate Cooking for One Cookbook,cuisine+season_months
ucfo-112,Pasta with Pomodoro Sauce,The Ultimate Cooking for One Cookbook,cuisine+season_months
ucfo-113,Spaghetti Aglio E Olio,The Ultimate Cooking for One Cookbook,cuisine+season_months
ucfo-114,Tomato Bisque,The Ultimate Cooking for One Cookbook,cuisine+season_months
ucfo-115,Black Bean Soup,The Ultimate Cooking for One Cookbook,cuisine+season_months
ucfo-116,Chips and Queso,The Ultimate Cooking for One Cookbook,cuisine+season_months
ucfo-117,Spinach and Cheese Quesadilla,The Ultimate Cooking for One Cookbook,cuisine+season_months
ucfo-118,Spicy Stir-Fried Zucchini,The Ultimate Cooking for One Cookbook,cuisine+season_months
ucfo-119,Vegetarian Chili,The Ultimate Cooking for One Cookbook,cuisine+season_months
ucfo-120,One-Pot Vegetarian Chili Mac,The Ultimate Cooking for One Cookbook,cuisine+season_months
ucfo-121,Potato and Asparagus Crustless Quiche,The Ultimate Cooking for One Cookbook,cuisine+season_months
ucfo-122,Peach Crisp,The Ultimate Cooking for One Cookbook,cuisine+season_months
ucfo-123,Strawberry Sorbet,The Ultimate Cooking for One Cookbook,cuisine+season_months
ucfo-124,Orange Posset,The Ultimate Cooking for One Cookbook,cuisine+season_months
ucfo-125,Vanilla Ice Cream,The Ultimate Cooking for One Cookbook,cuisine+season_months
ucfo-126,Fudge Ripple Ice Cream,The Ultimate Cooking for One Cookbook,cuisine+season_months
ucfo-127,Bananas Foster,The Ultimate Cooking for One Cookbook,cuisine+season_months
ucfo-128,Lemon Meringue Pie,The Ultimate Cooking for One Cookbook,cuisine+season_months
ucfo-129,No-Bake Strawberry Cheesecake,The Ultimate Cooking for One Cookbook,cuisine+season_months
ucfo-130,Pecan Pie,The Ultimate Cooking for One Cookbook,cuisine+season_months
ucfo-131,Small-Batch Oatmeal Raisin Cookies,The Ultimate Cooking for One Cookbook,cuisine+season_months
ucfo-132,Rocky Road Fudge,The Ultimate Cooking for One Cookbook,cuisine+season_months
ucfo-133,Apple Crisp,The Ultimate Cooking for One Cookbook,cuisine+season_months
ucfo-134,Tres Leches Cake,The Ultimate Cooking for One Cookbook,cuisine+season_months
ucfo-135,Peppermint Meringues,The Ultimate Cooking for One Cookbook,cuisine+season_months
ucfo-136,Rum Raisin Rice Pudding,The Ultimate Cooking for One Cookbook,cuisine+season_months
ucfo-137,Hot Chocolate,The Ultimate Cooking for One Cookbook,cuisine+season_months
ucfo-138,Apple Fritters,The Ultimate Cooking for One Cookbook,cuisine+season_months
ucfo-139,Strawberry Galette,The Ultimate Cooking for One Cookbook,cuisine+season_months
ucfo-140,Small-Batch Chocolate-Dipped Shortbread,The Ultimate Cooking for One Cookbook,cuisine+season_months
ucfo-141,Old-Fashioned Gingerbread,The Ultimate Cooking for One Cookbook,cuisine+season_months
ucfo-142,Cinnamon Baked Apple,The Ultimate Cooking for One Cookbook,cuisine+season_months
ucfo-143,Mini Pineapple Upside-Down Cake,The Ultimate Cooking for One Cookbook,cuisine+season_months
ucfo-144,Lemon Bars,The Ultimate Cooking for One Cookbook,cuisine+season_months
vfad-001,1 Basic Recipes and Know-How,Vietnamese Food Any Day (Andrea Nguyen),cuisine+season_months
vfad-002,Perfect Rice,Vietnamese Food Any Day (Andrea Nguyen),cuisine+season_months
vfad-003,Any Day Viet Pickle,Vietnamese Food Any Day (Andrea Nguyen),cuisine+season_months
vfad-004,Nuoc Cham Dipping Sauce,Vietnamese Food Any Day (Andrea Nguyen),cuisine+season_months
vfad-005,Chile Garlic Sauce,Vietnamese Food Any Day (Andrea Nguyen),cuisine+season_months
vfad-006,Caramel Sauce,Vietnamese Food Any Day (Andrea Nguyen),cuisine+season_months
vfad-007,Pomegranate Molasses,Vietnamese Food Any Day (Andrea Nguyen),cuisine+season_months
vfad-008,Pressure-Cooker Chicken Stock,Vietnamese Food Any Day (Andrea Nguyen),cuisine+season_months
vfad-009,2 Snacks,Vietnamese Food Any Day (Andrea Nguyen),cuisine+season_months
vfad-010,Chile Garlic Chicken Wings,Vietnamese Food Any Day (Andrea Nguyen),cuisine+season_months
vfad-011,Roasted Cauliflower “Wings”,Vietnamese Food Any Day (Andrea Nguyen),cuisine+season_months
vfad-012,Spicy Clam and Herb Scoops,Vietnamese Food Any Day (Andrea Nguyen),cuisine+season_months
vfad-013,Streetside Corn and Chile,Vietnamese Food Any Day (Andrea Nguyen),cuisine+season_months
vfad-014,Mushroom Pâté Puffs,Vietnamese Food Any Day (Andrea Nguyen),cuisine+season_months
vfad-015,Vietnamese Empanadas,Vietnamese Food Any Day (Andrea Nguyen),cuisine+season_months
vfad-016,Baked Shrimp and Celery Toasts,Vietnamese Food Any Day (Andrea Nguyen),cuisine+season_months
vfad-017,Banh Mi Sandwich,Vietnamese Food Any Day (Andrea Nguyen),cuisine+season_months
vfad-018,3 Soups,Vietnamese Food Any Day (Andrea Nguyen),cuisine+season_months
vfad-019,Gingery Greens and Shrimp Soup,Vietnamese Food Any Day (Andrea Nguyen),cuisine+season_months
vfad-020,Versatile Vegetable Soup,Vietnamese Food Any Day (Andrea Nguyen),cuisine+season_months
vfad-021,Super-Simple Overnight Rice Porridge,Vietnamese Food Any Day (Andrea Nguyen),cuisine+season_months
vfad-022,Tangy Seafood Stew,Vietnamese Food Any Day (Andrea Nguyen),cuisine+season_months
vfad-023,Velvety Corn and Coconut Soup,Vietnamese Food Any Day (Andrea Nguyen),cuisine+season_months
vfad-024,Wontons in Gingery Broth,Vietnamese Food Any Day (Andrea Nguyen),cuisine+season_months
vfad-025,Chicken and Glass Noodle Soup,Vietnamese Food Any Day (Andrea Nguyen),cuisine+season_months
vfad-026,Smoked Turkey Pho,Vietnamese Food Any Day (Andrea Nguyen),cuisine+season_months
vfad-027,Roast Chicken Noodle Soup,Vietnamese Food Any Day (Andrea Nguyen),cuisine+season_months
vfad-028,4 Chicken and Seafood,Vietnamese Food Any Day (Andrea Nguyen),cuisine+season_months
vfad-029,Char Siu Chicken,Vietnamese Food Any Day (Andrea Nguyen),cuisine+season_months
vfad-030,Grilled Slashed Chicken,Vietnamese Food Any Day (Andrea Nguyen),cuisine+season_months
vfad-031,Coconut-Kissed Chicken and Chile,Vietnamese Food Any Day (Andrea Nguyen),cuisine+season_months
vfad-032,"Chicken, Lemongrass, and Sweet Potato Curry",Vietnamese Food Any Day (Andrea Nguyen),cuisine+season_months
vfad-033,Honey-Hoisin Roast Chicken and Vegetables,Vietnamese Food Any Day (Andrea Nguyen),cuisine+season_months
vfad-034,Shrimp in Coconut Caramel Sauce,Vietnamese Food Any Day (Andrea Nguyen),cuisine+season_months
vfad-035,Pomegranate Sriracha Shrimp,Vietnamese Food Any Day (Andrea Nguyen),cuisine+season_months
vfad-036,Viet-Cajun Seafood Boil,Vietnamese Food Any Day (Andrea Nguyen),cuisine+season_months
vfad-037,Ginger-Garlic Fish Parcels,Vietnamese Food Any Day (Andrea Nguyen),cuisine+season_months
vfad-038,Crispy Lemongrass Salmon,Vietnamese Food Any Day (Andrea Nguyen),cuisine+season_months
vfad-039,5 Pork and Beef,Vietnamese Food Any Day (Andrea Nguyen),cuisine+season_months
vfad-040,Honey-Glazed Pork Riblets,Vietnamese Food Any Day (Andrea Nguyen),cuisine+season_months
vfad-041,Down-Home Panfried Pork Cutlets,Vietnamese Food Any Day (Andrea Nguyen),cuisine+season_months
vfad-042,Pan-Roasted Tomatoes Stuffed with Pork,Vietnamese Food Any Day (Andrea Nguyen),cuisine+season_months
vfad-043,Grilled Lemongrass Pork Chops,Vietnamese Food Any Day (Andrea Nguyen),cuisine+season_months
vfad-044,Crispy Caramelized Pork Crumbles,Vietnamese Food Any Day (Andrea Nguyen),cuisine+season_months
vfad-045,Braised Pork and Eggs in Coconut Caramel Sauce,Vietnamese Food Any Day (Andrea Nguyen),cuisine+season_months
vfad-046,Shaking Beef,Vietnamese Food Any Day (Andrea Nguyen),cuisine+season_months
vfad-047,Curry-Scented Grilled Beef Lettuce Wraps,Vietnamese Food Any Day (Andrea Nguyen),cuisine+season_months
vfad-048,"6 Eggs, Tofu, and Tempeh",Vietnamese Food Any Day (Andrea Nguyen),cuisine+season_months
vfad-049,Herby Oven-Steamed Eggs,Vietnamese Food Any Day (Andrea Nguyen),cuisine+season_months
vfad-050,Shaking Tofu,Vietnamese Food Any Day (Andrea Nguyen),cuisine+season_months
vfad-051,Sriracha Tofu,Vietnamese Food Any Day (Andrea Nguyen),cuisine+season_months
vfad-052,Spicy Sweet Pomegranate Tofu,Vietnamese Food Any Day (Andrea Nguyen),cuisine+season_months
vfad-053,Lemongrass Tempeh Crumbles,Vietnamese Food Any Day (Andrea Nguyen),cuisine+season_months
vfad-054,Shiitake and Tofu Frittata,Vietnamese Food Any Day (Andrea Nguyen),cuisine+season_months
vfad-055,7 Salads and Vegetable Sides,Vietnamese Food Any Day (Andrea Nguyen),cuisine+season_months
vfad-056,"Green Mango, Cabbage, and Jicama Salad",Vietnamese Food Any Day (Andrea Nguyen),cuisine+season_months
vfad-057,Smacked Cucumber and Shrimp Salad,Vietnamese Food Any Day (Andrea Nguyen),cuisine+season_months
vfad-058,Spicy Broccoli and Herb Slaw,Vietnamese Food Any Day (Andrea Nguyen),cuisine+season_months
vfad-059,Zesty Lime-Chile Vinaigrette,Vietnamese Food Any Day (Andrea Nguyen),cuisine+season_months
vfad-060,Charred Brussels Sprouts with Coconut,Vietnamese Food Any Day (Andrea Nguyen),cuisine+season_months
vfad-061,Spicy Shaved Brussels Sprouts,Vietnamese Food Any Day (Andrea Nguyen),cuisine+season_months
vfad-062,Blistered Green Beans and Bacon,Vietnamese Food Any Day (Andrea Nguyen),cuisine+season_months
vfad-063,Baby Kale Stir-Fried with Garlic,Vietnamese Food Any Day (Andrea Nguyen),cuisine+season_months
vfad-064,Easy Soy Sauce–Glazed Zucchini,Vietnamese Food Any Day (Andrea Nguyen),cuisine+season_months
vfad-065,Eggplant with Smoky Green Onion Oil,Vietnamese Food Any Day (Andrea Nguyen),cuisine+season_months
vfad-066,"Coconut, Curry, and Dill Mushrooms",Vietnamese Food Any Day (Andrea Nguyen),cuisine+season_months
vfad-067,8 Rice and Noodles,Vietnamese Food Any Day (Andrea Nguyen),cuisine+season_months
vfad-068,Use-It-Up Fried Rice,Vietnamese Food Any Day (Andrea Nguyen),cuisine+season_months
vfad-069,Crab and Coconut Fried Rice,Vietnamese Food Any Day (Andrea Nguyen),cuisine+season_months
vfad-070,Vibrant Turmeric Coconut Rice,Vietnamese Food Any Day (Andrea Nguyen),cuisine+season_months
vfad-071,Gratitude Chicken and Celery Rice,Vietnamese Food Any Day (Andrea Nguyen),cuisine+season_months
vfad-072,Sizzling Rice Crepes,Vietnamese Food Any Day (Andrea Nguyen),cuisine+season_months
vfad-073,Umami Garlic Noodles with Shiitake Mushroom,Vietnamese Food Any Day (Andrea Nguyen),cuisine+season_months
vfad-074,Rice Noodle Salad Bowl,Vietnamese Food Any Day (Andrea Nguyen),cuisine+season_months
vfad-075,Crab and Black Pepper Glass Noodles,Vietnamese Food Any Day (Andrea Nguyen),cuisine+season_months
vfad-076,Hanoi-Style Bacon and Grilled Pork Rice Noodle Bowls,Vietnamese Food Any Day (Andrea Nguyen),cuisine+season_months
vfad-077,9 Sweets and Coffee,Vietnamese Food Any Day (Andrea Nguyen),cuisine+season_months
vfad-078,No-Churn Vietnamese Coffee Ice Cream,Vietnamese Food Any Day (Andrea Nguyen),cuisine+season_months
vfad-079,Silken Tofu and Mandarin Oranges in Ginger Syrup,Vietnamese Food Any Day (Andrea Nguyen),cuisine+season_months
vfad-080,Matcha “Pandan” Waffles,Vietnamese Food Any Day (Andrea Nguyen),cuisine+season_months
vfad-081,Banana-Coconut Bread-Pudding Cake,Vietnamese Food Any Day (Andrea Nguyen),cuisine+season_months
vfad-082,Cashew Sesame Brittle,Vietnamese Food Any Day (Andrea Nguyen),cuisine+season_months
vfad-083,Silky Orange-Rum Flan,Vietnamese Food Any Day (Andrea Nguyen),cuisine+season_months
uyenluu-001,BÒ KHO,Vietnamese (Uyen Luu),cuisine+season_months
uyenluu-002,SƯỜN NƯỚNG SỐT MARMALADE,Vietnamese (Uyen Luu),cuisine+season_months
uyenluu-003,THỊT KHO TÀU,Vietnamese (Uyen Luu),cuisine+season_months
uyenluu-004,GÀ NƯỚNG,Vietnamese (Uyen Luu),cuisine+season_months
uyenluu-005,CÀ RI GÀ BÍ,Vietnamese (Uyen Luu),cuisine+season_months
uyenluu-006,GÀ KHO GỪNG,Vietnamese (Uyen Luu),cuisine+season_months
uyenluu-007,CƠM GÀ HẢI NAM,Vietnamese (Uyen Luu),cuisine+season_months
uyenluu-008,CÁ KHO TỘ,Vietnamese (Uyen Luu),cuisine+season_months
uyenluu-009,CANH CHUA LÁ THÌ LÀ,Vietnamese (Uyen Luu),cuisine+season_months
uyenluu-010,CÁ SEABASS NƯỚNG BAO GIẤY,Vietnamese (Uyen Luu),cuisine+season_months
uyenluu-011,CÁ CHIÊN NƯỚC MẮM CHUA NGỌT CẢI XÀ LÁCH XOONG,Vietnamese (Uyen Luu),cuisine+season_months
uyenluu-012,TRỨNG CHIÊN CÀ RỐT BẮP CẢI & LẠP XƯỞNG,Vietnamese (Uyen Luu),cuisine+season_months
uyenluu-013,TÀU HỦ XÀO BÔNG CẢI CÀ CHUA,Vietnamese (Uyen Luu),cuisine+season_months
uyenluu-014,ĐẬU TÂY XÀO TỎI,Vietnamese (Uyen Luu),cuisine+season_months
uyenluu-015,NẤM XÀO CỦ CÚC VU,Vietnamese (Uyen Luu),cuisine+season_months
uyenluu-016,CÀ TÍM XÀO NƯỚC TƯƠNG,Vietnamese (Uyen Luu),cuisine+season_months
uyenluu-017,CẢI XOĂN XÀO GỪNG,Vietnamese (Uyen Luu),cuisine+season_months
uyenluu-018,XÀ LÁCH XOONG xào ĐỌT ĐẬU HOÀ LAN SỐT BƠ VỪNG,Vietnamese (Uyen Luu),cuisine+season_months
uyenluu-019,CẢI XÀO ỚT CÁ CƠM,Vietnamese (Uyen Luu),cuisine+season_months
uyenluu-020,CÀ CHUA MÙA HÈ,Vietnamese (Uyen Luu),cuisine+season_months
uyenluu-021,CỦ SU XÀO TỎI,Vietnamese (Uyen Luu),cuisine+season_months
uyenluu-022,HOA BÍ CHIÊN NHÂN TÔM HẸ,Vietnamese (Uyen Luu),cuisine+season_months
uyenluu-023,BÒ LÚC LẮC,Vietnamese (Uyen Luu),cuisine+season_months
uyenluu-024,GỎI GÀ HÀNH TÍM ĐẬU HÀ LAN,Vietnamese (Uyen Luu),cuisine+season_months
uyenluu-025,BÚN CHẢ,Vietnamese (Uyen Luu),cuisine+season_months
uyenluu-026,BÁNH XÈO TÔM,Vietnamese (Uyen Luu),cuisine+season_months
uyenluu-027,GỎI ĐU ĐỦ BƯỞI TÔM THỊT,Vietnamese (Uyen Luu),cuisine+season_months
uyenluu-028,GỎI CUỐN,Vietnamese (Uyen Luu),cuisine+season_months
uyenluu-029,BÚN BÒ XÀO,Vietnamese (Uyen Luu),cuisine+season_months
uyenluu-030,THỊT HEO QUAY,Vietnamese (Uyen Luu),cuisine+season_months
uyenluu-031,XÁ XÍU,Vietnamese (Uyen Luu),cuisine+season_months
uyenluu-032,BÁNH BAO NẤM LẠP XƯỞNG,Vietnamese (Uyen Luu),cuisine+season_months
uyenluu-033,CƠM TẤM SƯỜN,Vietnamese (Uyen Luu),cuisine+season_months
uyenluu-034,GÀ NƯỚNG CHANH CAM TỎI KHOAI TÂY,Vietnamese (Uyen Luu),cuisine+season_months
uyenluu-035,GÀ CHIÊN KIỂU VIỆT NAM,Vietnamese (Uyen Luu),cuisine+season_months
uyenluu-036,CÁ VÀ KHOAI TÂY CHIÊN KIỂU ANH,Vietnamese (Uyen Luu),cuisine+season_months
uyenluu-037,CHẢ GIÒ HẢI SẢN,Vietnamese (Uyen Luu),cuisine+season_months
uyenluu-038,BÁNH MÌ,Vietnamese (Uyen Luu),cuisine+season_months
uyenluu-039,BÁNH MÌ,Vietnamese (Uyen Luu),cuisine+season_months
uyenluu-040,BÁNH MÌ RAU CỦ NƯỚNG,Vietnamese (Uyen Luu),cuisine+season_months
uyenluu-041,BÁNH MÌ TRỨNG VÀ MĂNG TÂY,Vietnamese (Uyen Luu),cuisine+season_months
uyenluu-042,PHỞ BÒ,Vietnamese (Uyen Luu),cuisine+season_months
uyenluu-043,BÚN BÒ HUẾ,Vietnamese (Uyen Luu),cuisine+season_months
uyenluu-044,BÁNH CANH THỊT HEO,Vietnamese (Uyen Luu),cuisine+season_months
uyenluu-045,CANH SƯỜN XÀ LÁCH XOONG,Vietnamese (Uyen Luu),cuisine+season_months
uyenluu-046,PHỞ GÀ,Vietnamese (Uyen Luu),cuisine+season_months
uyenluu-047,NUI NẤU RAU CỦ,Vietnamese (Uyen Luu),cuisine+season_months
uyenluu-048,BÚN MĂNG VỊT,Vietnamese (Uyen Luu),cuisine+season_months
uyenluu-049,MÌ CHẢ CÁ,Vietnamese (Uyen Luu),cuisine+season_months
uyenluu-050,BÚN RIÊU CUA,Vietnamese (Uyen Luu),cuisine+season_months
uyenluu-051,MÌ HOÀNH THÁNH,Vietnamese (Uyen Luu),cuisine+season_months
uyenluu-052,PHỞ XÀO THỊT BÒ MĂNG TÂY,Vietnamese (Uyen Luu),cuisine+season_months
uyenluu-053,TÔM HÙM HẤP NƯỚC DỪA,Vietnamese (Uyen Luu),cuisine+season_months
uyenluu-054,MÌ XÀO CHAY,Vietnamese (Uyen Luu),cuisine+season_months
uyenluu-055,MÌ CHAY XÀO RAU,Vietnamese (Uyen Luu),cuisine+season_months
uyenluu-056,BÚN XÀO SINGAPORE,Vietnamese (Uyen Luu),cuisine+season_months
uyenluu-057,MÌ Ý XÀO RAU XANH,Vietnamese (Uyen Luu),cuisine+season_months
uyenluu-058,MIẾN XÀO,Vietnamese (Uyen Luu),cuisine+season_months
uyenluu-059,BÁNH KEM CARAMEL,Vietnamese (Uyen Luu),cuisine+season_months
uyenluu-060,BÁNH BÔNG LAN LÁ DỨA CUỘN NHÂN XOÀI,Vietnamese (Uyen Luu),cuisine+season_months
uyenluu-061,KEM LÁ DỨA,Vietnamese (Uyen Luu),cuisine+season_months
uyenluu-062,BÁNH KHOAI MÌ NƯỚNG,Vietnamese (Uyen Luu),cuisine+season_months
uyenluu-063,CHÈ NẾP GỪNG TRÁI ĐÀO,Vietnamese (Uyen Luu),cuisine+season_months
uyenluu-064,CHÈ DỪA XOÀI BỘT BÁNG,Vietnamese (Uyen Luu),cuisine+season_months
uyenluu-065,BÁNH PHÔ MAI CAM CHANH,Vietnamese (Uyen Luu),cuisine+season_months
uyenluu-066,BÁNH CHUỐI NƯỚNG,Vietnamese (Uyen Luu),cuisine+season_months
uyenluu-067,BÁNH KẸP TRÀ XANH ĐÀO CHANH DÂY,Vietnamese (Uyen Luu),cuisine+season_months
uyenluu-068,CÀ PHÊ SỮA ĐÁ,Vietnamese (Uyen Luu),cuisine+season_months
uyenluu-069,XÔI ĐẬU XANH,Vietnamese (Uyen Luu),cuisine+season_months
uyenluu-070,XÔI CHAY,Vietnamese (Uyen Luu),cuisine+season_months
uyenluu-071,CHÁO,Vietnamese (Uyen Luu),cuisine+season_months
uyenluu-072,MÌ TƯƠI,Vietnamese (Uyen Luu),cuisine+season_months
uyenluu-073,KHOAI TÂY NƯỚNG,Vietnamese (Uyen Luu),cuisine+season_months
uyenluu-074,DƯA CHUA,Vietnamese (Uyen Luu),cuisine+season_months
uyenluu-075,NƯỚC MẤM,Vietnamese (Uyen Luu),cuisine+season_months
uyenluu-076,NƯỚC SỐT TƯƠNG,Vietnamese (Uyen Luu),cuisine+season_months
gwe-001,红烧肉,够味儿：80道经典家常菜烹饪详解,cuisine+season_months
gwe-002,糖醋排骨,够味儿：80道经典家常菜烹饪详解,cuisine+season_months
gwe-003,火爆腰花,够味儿：80道经典家常菜烹饪详解,cuisine+season_months
gwe-004,香酥羊排,够味儿：80道经典家常菜烹饪详解,cuisine+season_months
gwe-005,回锅肉,够味儿：80道经典家常菜烹饪详解,cuisine+season_months
gwe-006,鱼香肉丝,够味儿：80道经典家常菜烹饪详解,cuisine+season_months
gwe-007,鱼香山药滑鸡,够味儿：80道经典家常菜烹饪详解,cuisine+season_months
gwe-008,宫保鸡丁,够味儿：80道经典家常菜烹饪详解,cuisine+season_months
gwe-009,水煮牛肉,够味儿：80道经典家常菜烹饪详解,cuisine+season_months
gwe-010,干烧鱼,够味儿：80道经典家常菜烹饪详解,cuisine+season_months
gwe-011,麻辣香锅,够味儿：80道经典家常菜烹饪详解,cuisine+season_months
gwe-012,家常豆腐,够味儿：80道经典家常菜烹饪详解,cuisine+season_months
gwe-013,麻婆豆腐,够味儿：80道经典家常菜烹饪详解,cuisine+season_months
gwe-014,梅菜扣肉,够味儿：80道经典家常菜烹饪详解,cuisine+season_months
gwe-015,柱侯花生猪手煲,够味儿：80道经典家常菜烹饪详解,cuisine+season_months
gwe-016,菠萝咕咾肉,够味儿：80道经典家常菜烹饪详解,cuisine+season_months
gwe-017,豉汁蒸凤爪,够味儿：80道经典家常菜烹饪详解,cuisine+season_months
gwe-018,大蒜烧肚条,够味儿：80道经典家常菜烹饪详解,cuisine+season_months
gwe-019,葱烧牛蹄筋,够味儿：80道经典家常菜烹饪详解,cuisine+season_months
gwe-020,红烧狮子头,够味儿：80道经典家常菜烹饪详解,cuisine+season_months
gwe-021,熘肝尖,够味儿：80道经典家常菜烹饪详解,cuisine+season_months
gwe-022,黄焖鸡翅,够味儿：80道经典家常菜烹饪详解,cuisine+season_months
gwe-023,铁板孜然羊肉,够味儿：80道经典家常菜烹饪详解,cuisine+season_months
gwe-024,糖醋带鱼,够味儿：80道经典家常菜烹饪详解,cuisine+season_months
gwe-025,家炖小黄鱼,够味儿：80道经典家常菜烹饪详解,cuisine+season_months
gwe-026,肉片烧茄子,够味儿：80道经典家常菜烹饪详解,cuisine+season_months
gwe-027,肉末酱烧茄子,够味儿：80道经典家常菜烹饪详解,cuisine+season_months
gwe-028,东坡肘子,够味儿：80道经典家常菜烹饪详解,cuisine+season_months
gwe-029,干煸牛肉丝,够味儿：80道经典家常菜烹饪详解,cuisine+season_months
gwe-030,桃仁宫保虾球,够味儿：80道经典家常菜烹饪详解,cuisine+season_months
gwe-031,罗生香辣虾,够味儿：80道经典家常菜烹饪详解,cuisine+season_months
gwe-032,鱼香虾球茄子煲,够味儿：80道经典家常菜烹饪详解,cuisine+season_months
gwe-033,吉列咖喱猪排,够味儿：80道经典家常菜烹饪详解,cuisine+season_months
gwe-034,蚝油牛肉,够味儿：80道经典家常菜烹饪详解,cuisine+season_months
gwe-035,豉汁干葱爆鸡球,够味儿：80道经典家常菜烹饪详解,cuisine+season_months
gwe-036,南煎丸子,够味儿：80道经典家常菜烹饪详解,cuisine+season_months
gwe-037,京酱肉丝,够味儿：80道经典家常菜烹饪详解,cuisine+season_months
gwe-038,葱爆羊肉,够味儿：80道经典家常菜烹饪详解,cuisine+season_months
gwe-039,抓炒鱼片,够味儿：80道经典家常菜烹饪详解,cuisine+season_months
gwe-040,黑椒柠檬煎鸡扒,够味儿：80道经典家常菜烹饪详解,cuisine+season_months
gwe-041,木须肉,够味儿：80道经典家常菜烹饪详解,cuisine+season_months
gwe-042,酸菜白肉,够味儿：80道经典家常菜烹饪详解,cuisine+season_months
gwe-043,黄瓜肉片,够味儿：80道经典家常菜烹饪详解,cuisine+season_months
gwe-044,炝炒土豆丝,够味儿：80道经典家常菜烹饪详解,cuisine+season_months
gwe-045,海米烧萝卜,够味儿：80道经典家常菜烹饪详解,cuisine+season_months
gwe-046,潮州小炒皇,够味儿：80道经典家常菜烹饪详解,cuisine+season_months
gwe-047,腰果鸡丁,够味儿：80道经典家常菜烹饪详解,cuisine+season_months
gwe-048,白玉翡翠明虾球,够味儿：80道经典家常菜烹饪详解,cuisine+season_months
gwe-049,鲜虾酿豆腐,够味儿：80道经典家常菜烹饪详解,cuisine+season_months
gwe-050,咸鱼鸡粒豆腐煲,够味儿：80道经典家常菜烹饪详解,cuisine+season_months
gwe-051,蚝油西蓝花,够味儿：80道经典家常菜烹饪详解,cuisine+season_months
gwe-052,椒丝腐乳通心菜,够味儿：80道经典家常菜烹饪详解,cuisine+season_months
gwe-053,白灼芥蓝,够味儿：80道经典家常菜烹饪详解,cuisine+season_months
gwe-054,罗汉素斋,够味儿：80道经典家常菜烹饪详解,cuisine+season_months
gwe-055,北菇烧豆腐,够味儿：80道经典家常菜烹饪详解,cuisine+season_months
gwe-056,芫爆肉丝,够味儿：80道经典家常菜烹饪详解,cuisine+season_months
gwe-057,素烧二冬,够味儿：80道经典家常菜烹饪详解,cuisine+season_months
gwe-058,红扒牛肉条,够味儿：80道经典家常菜烹饪详解,cuisine+season_months
gwe-059,醋熘苜蓿,够味儿：80道经典家常菜烹饪详解,cuisine+season_months
gwe-060,家常大烩菜,够味儿：80道经典家常菜烹饪详解,cuisine+season_months
gwe-061,盐水鸭肝,够味儿：80道经典家常菜烹饪详解,cuisine+season_months
gwe-062,清火杏仁芹,够味儿：80道经典家常菜烹饪详解,cuisine+season_months
gwe-063,黄芥末时蔬拉皮,够味儿：80道经典家常菜烹饪详解,cuisine+season_months
gwe-064,陈皮兔丁,够味儿：80道经典家常菜烹饪详解,cuisine+season_months
gwe-065,川香口水鸡,够味儿：80道经典家常菜烹饪详解,cuisine+season_months
gwe-066,怪味鸡丝,够味儿：80道经典家常菜烹饪详解,cuisine+season_months
gwe-067,蒜泥白肉,够味儿：80道经典家常菜烹饪详解,cuisine+season_months
gwe-068,老北京豆儿酱,够味儿：80道经典家常菜烹饪详解,cuisine+season_months
gwe-069,老汤酱牛肉,够味儿：80道经典家常菜烹饪详解,cuisine+season_months
gwe-070,焖酥鱼,够味儿：80道经典家常菜烹饪详解,cuisine+season_months
gwe-071,扁豆焖面,够味儿：80道经典家常菜烹饪详解,cuisine+season_months
gwe-072,担担面,够味儿：80道经典家常菜烹饪详解,cuisine+season_months
gwe-073,老北京炸酱面,够味儿：80道经典家常菜烹饪详解,cuisine+season_months
gwe-074,肥牛饭,够味儿：80道经典家常菜烹饪详解,cuisine+season_months
gwe-075,蒜香虾仁炒饭,够味儿：80道经典家常菜烹饪详解,cuisine+season_months
gwe-076,腊味煲仔饭,够味儿：80道经典家常菜烹饪详解,cuisine+season_months
gwe-077,石锅拌饭,够味儿：80道经典家常菜烹饪详解,cuisine+season_months
gwe-078,长子炒饼,够味儿：80道经典家常菜烹饪详解,cuisine+season_months
gwe-079,鸡油葱花饼,够味儿：80道经典家常菜烹饪详解,cuisine+season_months
gwe-080,卤煮火烧,够味儿：80道经典家常菜烹饪详解,cuisine+season_months
sichuan-001,Poached Chicken for Cold Dishes,川菜（扶霞·邓洛普）,cuisine+season_months
sichuan-002,Cold-dressed Chicken,川菜（扶霞·邓洛普）,cuisine+season_months
sichuan-003,‘Strange Flavour’ Bang Bang Chicken,川菜（扶霞·邓洛普）,cuisine+season_months
sichuan-004,Chicken in Sichuan Pepper and Spring Onion Sauce,川菜（扶霞·邓洛普）,cuisine+season_months
sichuan-005,Fish-fragrant Cold Chicken,川菜（扶霞·邓洛普）,cuisine+season_months
sichuan-006,Cold Chicken with Fragrant Rice Wine,川菜（扶霞·邓洛普）,cuisine+season_months
sichuan-007,Broccoli with Sesame Oil,川菜（扶霞·邓洛普）,cuisine+season_months
sichuan-008,Green Soy Beans in a Simple Stock Sauce,川菜（扶霞·邓洛普）,cuisine+season_months
sichuan-009,Spinach in Sour-and-hot Dressing,川菜（扶霞·邓洛普）,cuisine+season_months
sichuan-010,Preserved Eggs with Green Peppers,川菜（扶霞·邓洛普）,cuisine+season_months
sichuan-011,Coral-like Snow Lotus,川菜（扶霞·邓洛普）,cuisine+season_months
sichuan-012,Fine Green Beans in Ginger Sauce,川菜（扶霞·邓洛普）,cuisine+season_months
sichuan-013,‘White’ Pork in Garlicky Sauce,川菜（扶霞·邓洛普）,cuisine+season_months
sichuan-014,Steamed Aubergines with Scorched Green Peppers,川菜（扶霞·邓洛普）,cuisine+season_months
sichuan-015,Spicy Steamed Aubergine Salad,川菜（扶霞·邓洛普）,cuisine+season_months
sichuan-016,Sour-and-hot Wood Ear Salad,川菜（扶霞·邓洛普）,cuisine+season_months
sichuan-017,Cold Fish in Spicy Sauce,川菜（扶霞·邓洛普）,cuisine+season_months
sichuan-018,Three-sliver Salad with Various Dressings,川菜（扶霞·邓洛普）,cuisine+season_months
sichuan-019,‘Old Arabian’ Cold Beef with a Spicy Dressing,川菜（扶霞·邓洛普）,cuisine+season_months
sichuan-020,‘Man-and-wife’ Offal Slices,川菜（扶霞·邓洛普）,cuisine+season_months
sichuan-021,Spiced Chicken Hearts,川菜（扶霞·邓洛普）,cuisine+season_months
sichuan-022,Dry-tossed Beef,川菜（扶霞·邓洛普）,cuisine+season_months
sichuan-023,‘Phoenix Tails’ in Sesame Sauce,川菜（扶霞·邓洛普）,cuisine+season_months
sichuan-024,Rabbit with Peanuts in Hot Bean Sauce,川菜（扶霞·邓洛普）,cuisine+season_months
sichuan-025,Smacked Cucumber in Garlicky Sauce,川菜（扶霞·邓洛普）,cuisine+season_months
sichuan-026,‘Tragically Hot’ Water Spinach Salad,川菜（扶霞·邓洛普）,cuisine+season_months
sichuan-027,Spiced Cucumber Salad,川菜（扶霞·邓洛普）,cuisine+season_months
sichuan-028,North Sichuan Cool Starch Jelly,川菜（扶霞·邓洛普）,cuisine+season_months
sichuan-029,‘Lamp-shadow’ Sweet Potato Crisps,川菜（扶霞·邓洛普）,cuisine+season_months
sichuan-030,Firm Tofu with Celery and Peanuts,川菜（扶霞·邓洛普）,cuisine+season_months
sichuan-031,Slivered Pig's Ear in Chilli Oil Sauce,川菜（扶霞·邓洛普）,cuisine+season_months
sichuan-032,‘Rabbit Eaten Cold’,川菜（扶霞·邓洛普）,cuisine+season_months
sichuan-033,Tea-smoked Duck,川菜（扶霞·邓洛普）,cuisine+season_months
sichuan-034,Numbing-and-hot Dried Beef,川菜（扶霞·邓洛普）,cuisine+season_months
sichuan-035,‘Strange Flavour’ Peanuts,川菜（扶霞·邓洛普）,cuisine+season_months
sichuan-036,Twice-cooked Pork,川菜（扶霞·邓洛普）,cuisine+season_months
sichuan-037,Pork Slivers with Yellow Chives,川菜（扶霞·邓洛普）,cuisine+season_months
sichuan-038,Bowl-steamed Pork in Ricemeal with Peas,川菜（扶霞·邓洛普）,cuisine+season_months
sichuan-039,Bowl-steamed Belly Pork with Preserved Vegetable,川菜（扶霞·邓洛普）,cuisine+season_months
sichuan-040,Pork in ‘Lychee’ Sauce with Crispy Rice,川菜（扶霞·邓洛普）,cuisine+season_months
sichuan-041,Stir-fried Pork Slivers with Sweet Flour Sauce,川菜（扶霞·邓洛普）,cuisine+season_months
sichuan-042,Red-braised Pork,川菜（扶霞·邓洛普）,cuisine+season_months
sichuan-043,Fish-fragrant Pork Slivers,川菜（扶霞·邓洛普）,cuisine+season_months
sichuan-044,Sweet-and-sour Pork,川菜（扶霞·邓洛普）,cuisine+season_months
sichuan-045,Li Zhuang ‘Head Bowl’ Meatloaf Stew,川菜（扶霞·邓洛普）,cuisine+season_months
sichuan-046,Pork Slivers with Preserved Mustard Tuber,川菜（扶霞·邓洛普）,cuisine+season_months
sichuan-047,Sichuanese Stir-fried Bacon,川菜（扶霞·邓洛普）,cuisine+season_months
sichuan-048,Salt-fried Pork,川菜（扶霞·邓洛普）,cuisine+season_months
sichuan-049,Stir-fried Pig's Liver,川菜（扶霞·邓洛普）,cuisine+season_months
sichuan-050,Fire-exploded Kidney ‘Flowers’,川菜（扶霞·邓洛普）,cuisine+season_months
sichuan-051,Stewed Pork with Carrots,川菜（扶霞·邓洛普）,cuisine+season_months
sichuan-052,Sliced Pork with Black Wood Ear Mushrooms,川菜（扶霞·邓洛普）,cuisine+season_months
sichuan-053,Boiled Beef Slices in a Fiery Sauce,川菜（扶霞·邓洛普）,cuisine+season_months
sichuan-054,Spicy Steamed Beef with Ricemeal,川菜（扶霞·邓洛普）,cuisine+season_months
sichuan-055,Dry-fried Beef Slivers,川菜（扶霞·邓洛普）,cuisine+season_months
sichuan-056,Red-braised Beef with White Radish,川菜（扶霞·邓洛普）,cuisine+season_months
sichuan-057,Spicy Blood Stew,川菜（扶霞·邓洛普）,cuisine+season_months
sichuan-058,Scalded Kidneys with Fresh Chilli,川菜（扶霞·邓洛普）,cuisine+season_months
sichuan-059,Dry-braised Beef Tendons,川菜（扶霞·邓洛普）,cuisine+season_months
sichuan-060,Gong Bao Chicken with Peanuts,川菜（扶霞·邓洛普）,cuisine+season_months
sichuan-061,Zigong ‘Small-fried’ Chicken,川菜（扶霞·邓洛普）,cuisine+season_months
sichuan-062,Taibai Chicken,川菜（扶霞·邓洛普）,cuisine+season_months
sichuan-063,Dry-fried Chicken,川菜（扶霞·邓洛普）,cuisine+season_months
sichuan-064,Braised Chicken with Chestnuts,川菜（扶霞·邓洛普）,cuisine+season_months
sichuan-065,Chicken in a Delicate Vinegar Souce,川菜（扶霞·邓洛普）,cuisine+season_months
sichuan-066,Stir-fried Chicken with Preserved Vegetable,川菜（扶霞·邓洛普）,cuisine+season_months
sichuan-067,Braised Chicken with Baby Taro,川菜（扶霞·邓洛普）,cuisine+season_months
sichuan-068,Chongqing Chicken with Chillies,川菜（扶霞·邓洛普）,cuisine+season_months
sichuan-069,Stir-fried Chicken Hotchpotch,川菜（扶霞·邓洛普）,cuisine+season_months
sichuan-070,Fish-fragrant Fried Chicken,川菜（扶霞·邓洛普）,cuisine+season_months
sichuan-071,Chicken ‘Tofu’,川菜（扶霞·邓洛普）,cuisine+season_months
sichuan-072,"‘One Tender Bite’, from Qiaotou, Zigong",川菜（扶霞·邓洛普）,cuisine+season_months
sichuan-073,Fragrant and Crispy Duck,川菜（扶霞·邓洛普）,cuisine+season_months
sichuan-074,Duck Braised with Konnyaku ‘Tofu’,川菜（扶霞·邓洛普）,cuisine+season_months
sichuan-075,Steamed Egg Custard with Minced Pork Topping,川菜（扶霞·邓洛普）,cuisine+season_months
sichuan-076,Fish Braised in Chilli Bean Sauce,川菜（扶霞·邓洛普）,cuisine+season_months
sichuan-077,Fish Stew with Pickled Mustard Greens,川菜（扶霞·邓洛普）,cuisine+season_months
sichuan-078,Boiled Fish in a Seething Sea of Chillies,川菜（扶霞·邓洛普）,cuisine+season_months
sichuan-079,Dry-braised Fish with Pork in Spicy Sauce,川菜（扶霞·邓洛普）,cuisine+season_months
sichuan-080,Dry-braised Prawns,川菜（扶霞·邓洛普）,cuisine+season_months
sichuan-081,Sweet-and-sour Crispy Fish,川菜（扶霞·邓洛普）,cuisine+season_months
sichuan-082,Numbing-and-hot Tiny Fish,川菜（扶霞·邓洛普）,cuisine+season_months
sichuan-083,Gong Bao Prawns with Cashew Nuts,川菜（扶霞·邓洛普）,cuisine+season_months
sichuan-084,Fish with Fresh Chilli and Green Sichuan Pepper,川菜（扶霞·邓洛普）,cuisine+season_months
sichuan-085,Mapo Tofu,川菜（扶霞·邓洛普）,cuisine+season_months
sichuan-086,Home-style Tofu,川菜（扶霞·邓洛普）,cuisine+season_months
sichuan-087,Tofu with Minced Meat in Fermented Sauce,川菜（扶霞·邓洛普）,cuisine+season_months
sichuan-088,Leshan ‘Bear's Paw’ Tofu,川菜（扶霞·邓洛普）,cuisine+season_months
sichuan-089,Mount Emei Spicy Silken Tofu,川菜（扶霞·邓洛普）,cuisine+season_months
sichuan-090,Sour-and-hot‘Flower’ Tofu,川菜（扶霞·邓洛普）,cuisine+season_months
sichuan-091,Xiba Tofu,川菜（扶霞·邓洛普）,cuisine+season_months
sichuan-092,Fish-fragrant Aubergines,川菜（扶霞·邓洛普）,cuisine+season_months
sichuan-093,Dry-fried Aubergines,川菜（扶霞·邓洛普）,cuisine+season_months
sichuan-094,Stuffed Aubergine Fritters with Sichuan Pepper Dip,川菜（扶霞·邓洛普）,cuisine+season_months
sichuan-095,Stir-fried Water Spinach withChillies and Sichuan Pepper,川菜（扶霞·邓洛普）,cuisine+season_months
sichuan-096,Stir-fried Mashed Broad Beans with Spring Onion,川菜（扶霞·邓洛普）,cuisine+season_months
sichuan-097,Pickled Yard-long Beans with Minced Pork,川菜（扶霞·邓洛普）,cuisine+season_months
sichuan-098,Dry-fried Green Beans,川菜（扶霞·邓洛普）,cuisine+season_months
sichuan-099,Stir-fried Lotus Root with Chillies and Sichuan Pepper,川菜（扶霞·邓洛普）,cuisine+season_months
sichuan-100,Dry-fried ‘Eels’ (Shiitake Mushrooms),川菜（扶霞·邓洛普）,cuisine+season_months
sichuan-101,Stir-fried Cabbage with Chilli,川菜（扶霞·邓洛普）,cuisine+season_months
sichuan-102,Stir-fried Cabbage with Pork Cracklings,川菜（扶霞·邓洛普）,cuisine+season_months
sichuan-103,Cauliflower with Smoked Bacon,川菜（扶霞·邓洛普）,cuisine+season_months
sichuan-104,Stir-fried Garlic Stems with Smoked Bacon,川菜（扶霞·邓洛普）,cuisine+season_months
sichuan-105,Dry-fried Bitter Melon,川菜（扶霞·邓洛普）,cuisine+season_months
sichuan-106,Stir-fried Potato Slivers with Chillies and Sichuan Pepper,川菜（扶霞·邓洛普）,cuisine+season_months
sichuan-107,‘Crossing-the-river’ Choy Sum,川菜（扶霞·邓洛普）,cuisine+season_months
sichuan-108,Green Soy Beans with‘Golden Hooks’,川菜（扶霞·邓洛普）,cuisine+season_months
sichuan-109,‘Ants Climbing a Tree’(Bean-thread Noodles with Minced Pork),川菜（扶霞·邓洛普）,cuisine+season_months
sichuan-110,Sweetcorn Kernels with Green Peppers,川菜（扶霞·邓洛普）,cuisine+season_months
sichuan-111,Stir-fried Amaranth Leaves with Garlic,川菜（扶霞·邓洛普）,cuisine+season_months
sichuan-112,Stir-fried Mixed Mushrooms,川菜（扶霞·邓洛普）,cuisine+season_months
sichuan-113,Stewed Baby Taro with Greens,川菜（扶霞·邓洛普）,cuisine+season_months
sichuan-114,Tiger-skin Green Peppers,川菜（扶霞·邓洛普）,cuisine+season_months
sichuan-115,Stir-fried Celery with Minced Pork,川菜（扶霞·邓洛普）,cuisine+season_months
sichuan-116,Fried Egg and Tomato Soup,川菜（扶霞·邓洛普）,cuisine+season_months
sichuan-117,Simple Tofu Soup,川菜（扶霞·邓洛普）,cuisine+season_months
sichuan-118,Thick Split Pea Soup,川菜（扶霞·邓洛普）,cuisine+season_months
sichuan-119,Clear-simmered Oxtail Soup,川菜（扶霞·邓洛普）,cuisine+season_months
sichuan-120,Simple Choy Sum ‘Soup’,川菜（扶霞·邓洛普）,cuisine+season_months
sichuan-121,Chicken Balls in Clear Soup,川菜（扶霞·邓洛普）,cuisine+season_months
sichuan-122,Chicken Soup with Pickled Mustard Greens,川菜（扶霞·邓洛普）,cuisine+season_months
sichuan-123,Meatball and Vegetable Soup,川菜（扶霞·邓洛普）,cuisine+season_months
sichuan-124,‘Along with the Pot’ Pork and Radish Soup,川菜（扶霞·邓洛普）,cuisine+season_months
sichuan-125,Sour-and-hot ‘Flower’ Tofu Soup,川菜（扶霞·邓洛普）,cuisine+season_months
sichuan-126,Chicken with Ginkgo Nuts,川菜（扶霞·邓洛普）,cuisine+season_months
sichuan-127,Traditional Dandan Noodles,川菜（扶霞·邓洛普）,cuisine+season_months
sichuan-128,Chongqing ‘Small’ Noodles,川菜（扶霞·邓洛普）,cuisine+season_months
sichuan-129,Mr Xie's Dandan Noodles,川菜（扶霞·邓洛普）,cuisine+season_months
sichuan-130,Spicy Noodles with Silken Tofu,川菜（扶霞·邓洛普）,cuisine+season_months
sichuan-131,Soup Noodles with Shredded Pork and Pickled Greens,川菜（扶霞·邓洛普）,cuisine+season_months
sichuan-132,Sichuan Soup Noodles with Minced Pork Topping,川菜（扶霞·邓洛普）,cuisine+season_months
sichuan-133,Sweet Water Noodles,川菜（扶霞·邓洛普）,cuisine+season_months
sichuan-134,Mr Xie's ‘Sea Flavour’ Noodles,川菜（扶霞·邓洛普）,cuisine+season_months
sichuan-135,Copper Well Lane Vegetarian Noodles,川菜（扶霞·邓洛普）,cuisine+season_months
sichuan-136,Spicy Cold Noodles with Chicken Slivers,川菜（扶霞·邓洛普）,cuisine+season_months
sichuan-137,Yibin ‘Kindling’ Noodles,川菜（扶霞·邓洛普）,cuisine+season_months
sichuan-138,Cold Buckwheat Noodles,川菜（扶霞·邓洛普）,cuisine+season_months
sichuan-139,Sour-and-hot Sweet Potato Noodles,川菜（扶霞·邓洛普）,cuisine+season_months
sichuan-140,Zhong Crescent Dumplings,川菜（扶霞·邓洛普）,cuisine+season_months
sichuan-141,Dragon Wontons,川菜（扶霞·邓洛普）,cuisine+season_months
sichuan-142,Chengdu Wontons with Dried Chilli Sauce,川菜（扶霞·邓洛普）,cuisine+season_months
sichuan-143,Pot-sticker Dumplings with Chicken Stock,川菜（扶霞·邓洛普）,cuisine+season_months
sichuan-144,Steamed Pork and Pumpkin Dumplings,川菜（扶霞·邓洛普）,cuisine+season_months
sichuan-145,Leaf-wrapped Glutinous Rice Dumplings,川菜（扶霞·邓洛普）,cuisine+season_months
sichuan-146,Steamed Buns with Spicy Beansprout Stuffing,川菜（扶霞·邓洛普）,cuisine+season_months
sichuan-147,Juntun Guokui Pastries,川菜（扶霞·邓洛普）,cuisine+season_months
sichuan-148,Stuffed Eggy Pancakes,川菜（扶霞·邓洛普）,cuisine+season_months
sichuan-149,Spiced ‘Oil Tea’ with Crunchy Toppings,川菜（扶霞·邓洛普）,cuisine+season_months
sichuan-150,‘Sweet Cooked White’ Rice Pudding with Pork Fat,川菜（扶霞·邓洛普）,cuisine+season_months
sichuan-151,Mr Lai's Glutinous Rice Balls with Sesame Stuffing,川菜（扶霞·邓洛普）,cuisine+season_months
sichuan-152,‘Three Big Bangs’,川菜（扶霞·邓洛普）,cuisine+season_months
sichuan-153,Pearly Rice Balls,川菜（扶霞·邓洛普）,cuisine+season_months
sichuan-154,Sweet Potato Cakes,川菜（扶霞·邓洛普）,cuisine+season_months
sichuan-155,Silver Ear Fungus and Rock Sugar Soup,川菜（扶霞·邓洛普）,cuisine+season_months
sichuan-156,Eight-treasure Wok Pudding,川菜（扶霞·邓洛普）,cuisine+season_months
ymzx-001,Crisp Seaweed with Peanuts,鱼米之乡（扶霞·邓洛普）,cuisine+season_months
ymzx-002,Quick Cucumber Salad,鱼米之乡（扶霞·邓洛普）,cuisine+season_months
ymzx-003,Sweet-and-sour Radishes,鱼米之乡（扶霞·邓洛普）,cuisine+season_months
ymzx-004,Slivered White Asian Radish and Jellyfish Salad,鱼米之乡（扶霞·邓洛普）,cuisine+season_months
ymzx-005,Ningbo Soy Sauce Greens,鱼米之乡（扶霞·邓洛普）,cuisine+season_months
ymzx-006,Chrysanthemum Leaves with Pine Nuts,鱼米之乡（扶霞·邓洛普）,cuisine+season_months
ymzx-007,Spicy Chinese Cabbage,鱼米之乡（扶霞·邓洛普）,cuisine+season_months
ymzx-008,Celtuce Salad with Spring Onion Oil,鱼米之乡（扶霞·邓洛普）,cuisine+season_months
ymzx-009,Nanjing New Year's Salad,鱼米之乡（扶霞·邓洛普）,cuisine+season_months
ymzx-010,Lily Bulb and Celery Salad,鱼米之乡（扶霞·邓洛普）,cuisine+season_months
ymzx-011,Juicy Shiitake Mushrooms,鱼米之乡（扶霞·邓洛普）,cuisine+season_months
ymzx-012,Hand-torn Mushrooms,鱼米之乡（扶霞·邓洛普）,cuisine+season_months
ymzx-013,Lotus Root Stuffed with Glutinous Rice,鱼米之乡（扶霞·邓洛普）,cuisine+season_months
ymzx-014,Spiced Wheat Gluten with Four Delights,鱼米之乡（扶霞·邓洛普）,cuisine+season_months
ymzx-015,Hangzhou Buddhist ‘Roast Goose’,鱼米之乡（扶霞·邓洛普）,cuisine+season_months
ymzx-016,Cool Steamed Aubergine with a Garlicky Dressing,鱼米之乡（扶霞·邓洛普）,cuisine+season_months
ymzx-017,Mashed Broad Beans with Snow Vegetable,鱼米之乡（扶霞·邓洛普）,cuisine+season_months
ymzx-018,Shanghai ‘Smoked’ Fish,鱼米之乡（扶霞·邓洛普）,cuisine+season_months
ymzx-019,Smoked Duck Eggs,鱼米之乡（扶霞·邓洛普）,cuisine+season_months
ymzx-020,Nanjing Saltwater Duck,鱼米之乡（扶霞·邓洛普）,cuisine+season_months
ymzx-021,Hangzhou Spiced Soy-sauce Duck,鱼米之乡（扶霞·邓洛普）,cuisine+season_months
ymzx-022,White Chopped Chicken with Soy Sauce,鱼米之乡（扶霞·邓洛普）,cuisine+season_months
ymzx-023,Drunken Chicken,鱼米之乡（扶霞·邓洛普）,cuisine+season_months
ymzx-024,Cold Chicken with Spring Onion Oil,鱼米之乡（扶霞·邓洛普）,cuisine+season_months
ymzx-025,Zhenjiang Crystal Pork Terrine,鱼米之乡（扶霞·邓洛普）,cuisine+season_months
ymzx-026,Eight-treasure Spicy Relish,鱼米之乡（扶霞·邓洛普）,cuisine+season_months
ymzx-027,Shanghai Red-braised Pork with Eggs,鱼米之乡（扶霞·邓洛普）,cuisine+season_months
ymzx-028,Ningbo Pork with Fermented Tofu Juices,鱼米之乡（扶霞·邓洛普）,cuisine+season_months
ymzx-029,Wuxi Meaty Pork Ribs,鱼米之乡（扶霞·邓洛普）,cuisine+season_months
ymzx-030,Dongpo Pork,鱼米之乡（扶霞·邓洛普）,cuisine+season_months
ymzx-031,Clear-simmered Lion's Head Meatballs,鱼米之乡（扶霞·邓洛普）,cuisine+season_months
ymzx-032,Hangzhou Sweet-and-sour Pork,鱼米之乡（扶霞·邓洛普）,cuisine+season_months
ymzx-033,Shaoxing Slow-cooked Pork with Dried fermented Greens,鱼米之乡（扶霞·邓洛普）,cuisine+season_months
ymzx-034,Steamed Chopped Pork with Salted Fish,鱼米之乡（扶霞·邓洛普）,cuisine+season_months
ymzx-035,Steamed Pork in Lotus Leaves,鱼米之乡（扶霞·邓洛普）,cuisine+season_months
ymzx-036,Slow-cooked Pork Hock with Rock Sugar,鱼米之乡（扶霞·邓洛普）,cuisine+season_months
ymzx-037,Shaoxing ‘Small Stir-fry’,鱼米之乡（扶霞·邓洛普）,cuisine+season_months
ymzx-038,Slivered Pork with Flowering Chives,鱼米之乡（扶霞·邓洛普）,cuisine+season_months
ymzx-039,Goat and Radish Stew,鱼米之乡（扶霞·邓洛普）,cuisine+season_months
ymzx-040,Chicken with Young Ginger,鱼米之乡（扶霞·邓洛普）,cuisine+season_months
ymzx-041,Beggar's Chicken,鱼米之乡（扶霞·邓洛普）,cuisine+season_months
ymzx-042,Stewed Chicken with Chestnuts,鱼米之乡（扶霞·邓洛普）,cuisine+season_months
ymzx-043,Bowl-steamed Chicken with Salted Fish,鱼米之乡（扶霞·邓洛普）,cuisine+season_months
ymzx-044,Stir-fried Chicken Hotchpotch,鱼米之乡（扶霞·邓洛普）,cuisine+season_months
ymzx-045,Eight-treasure Stuffed Calabash Duck,鱼米之乡（扶霞·邓洛普）,cuisine+season_months
ymzx-046,Golden Scrambled Eggs with Prawns,鱼米之乡（扶霞·邓洛普）,cuisine+season_months
ymzx-047,Ningbo Omelette with Dried Shrimps and Chinese Chives,鱼米之乡（扶霞·邓洛普）,cuisine+season_months
ymzx-048,Galloping Eggs with Slivered Pork,鱼米之乡（扶霞·邓洛普）,cuisine+season_months
ymzx-049,Dai Jianjun's Vegetarian ‘Crabmeat’,鱼米之乡（扶霞·邓洛普）,cuisine+season_months
ymzx-050,Hibiscus-blossom Egg White with Fresh Broad Beans,鱼米之乡（扶霞·邓洛普）,cuisine+season_months
ymzx-051,Shanghai Golden Egg Dumplings with Chinese Cabbage,鱼米之乡（扶霞·邓洛普）,cuisine+season_months
ymzx-052,Clear-steamed Sea Bass,鱼米之乡（扶霞·邓洛普）,cuisine+season_months
ymzx-053,Steamed Sea Bass with Snow Vegetable,鱼米之乡（扶霞·邓洛普）,cuisine+season_months
ymzx-054,West Lake Fish in Vinegar Sauce,鱼米之乡（扶霞·邓洛普）,cuisine+season_months
ymzx-055,Red-braised Fish,鱼米之乡（扶霞·邓洛普）,cuisine+season_months
ymzx-056,‘Squirrel Fish’ in Sweet-and-sour Sauce,鱼米之乡（扶霞·邓洛普）,cuisine+season_months
ymzx-057,Stir-fried Fish morsels with Pine Nuts,鱼米之乡（扶霞·邓洛普）,cuisine+season_months
ymzx-058,Fish Fillets in Seaweed Batter,鱼米之乡（扶霞·邓洛普）,cuisine+season_months
ymzx-059,Zhoushan Fish Chowder,鱼米之乡（扶霞·邓洛普）,cuisine+season_months
ymzx-060,Soupy Fish with Snow Vegetable,鱼米之乡（扶霞·邓洛普）,cuisine+season_months
ymzx-061,Pan-fried Ribbonfish,鱼米之乡（扶霞·邓洛普）,cuisine+season_months
ymzx-062,Fresh Clam Custard,鱼米之乡（扶霞·邓洛普）,cuisine+season_months
ymzx-063,Clams with Spring Onion Oil,鱼米之乡（扶霞·邓洛普）,cuisine+season_months
ymzx-064,Stir-fried Cockles with Chinese Chives,鱼米之乡（扶霞·邓洛普）,cuisine+season_months
ymzx-065,Oil-exploded Prawns,鱼米之乡（扶霞·邓洛普）,cuisine+season_months
ymzx-066,Stir-fried Prawns with Dragon Well Tea,鱼米之乡（扶霞·邓洛普）,cuisine+season_months
ymzx-067,Scalded Tofu Slivers,鱼米之乡（扶霞·邓洛普）,cuisine+season_months
ymzx-068,Boiled Firm Tofu Slivers in Chicken Stock,鱼米之乡（扶霞·邓洛普）,cuisine+season_months
ymzx-069,Zhoushan Pan-fried Tofu,鱼米之乡（扶霞·邓洛普）,cuisine+season_months
ymzx-070,Tofu Ribbons with Salt Pork and Green Pak Choy,鱼米之乡（扶霞·邓洛普）,cuisine+season_months
ymzx-071,Spicy Stir-fried Tofu with Pickles,鱼米之乡（扶霞·邓洛普）,cuisine+season_months
ymzx-072,Hangzhou Breakfast Tofu,鱼米之乡（扶霞·邓洛普）,cuisine+season_months
ymzx-073,Buddhist Vegetarian Tofu Rolls,鱼米之乡（扶霞·邓洛普）,cuisine+season_months
ymzx-074,Stir-fried Peas with Ham,鱼米之乡（扶霞·邓洛普）,cuisine+season_months
ymzx-075,Green Soybeans with Snow Vegetable,鱼米之乡（扶霞·邓洛普）,cuisine+season_months
ymzx-076,Steamed Green Soybeans with Ham,鱼米之乡（扶霞·邓洛普）,cuisine+season_months
ymzx-077,Steamed Taro with Chinese Wind-dried Sausage,鱼米之乡（扶霞·邓洛普）,cuisine+season_months
ymzx-078,Magical Radishes,鱼米之乡（扶霞·邓洛普）,cuisine+season_months
ymzx-079,Sliced Chayote with Ham and Broad Beans,鱼米之乡（扶霞·邓洛普）,cuisine+season_months
ymzx-080,Stir-fried Broad Beans with Spring Onion,鱼米之乡（扶霞·邓洛普）,cuisine+season_months
ymzx-081,Stir-fried Choy Sum with Wheat Gluten,鱼米之乡（扶霞·邓洛普）,cuisine+season_months
ymzx-082,Stir-fried Celtuce,鱼米之乡（扶霞·邓洛普）,cuisine+season_months
ymzx-083,Green Pak Choy with Dried Shrimps,鱼米之乡（扶霞·邓洛普）,cuisine+season_months
ymzx-084,Stir-fried Cabbage with Dried Shrimps,鱼米之乡（扶霞·邓洛普）,cuisine+season_months
ymzx-085,Stir-fried Tatsoi with Winter Bamboo Shoot,鱼米之乡（扶霞·邓洛普）,cuisine+season_months
ymzx-086,Soupy Chinese Cabbage with Salt Pork,鱼米之乡（扶霞·邓洛普）,cuisine+season_months
ymzx-087,Stir-fried Spinach with Sorghum Liquor,鱼米之乡（扶霞·邓洛普）,cuisine+season_months
ymzx-088,Plain Stir-fried Greens,鱼米之乡（扶霞·邓洛普）,cuisine+season_months
ymzx-089,Stir-fried Potato Slivers with Spring Onion,鱼米之乡（扶霞·邓洛普）,cuisine+season_months
ymzx-090,Shaoxing Potatoes with Dried Fermented Greens,鱼米之乡（扶霞·邓洛普）,cuisine+season_months
ymzx-091,Hangzhou Aubergines with Minced Pork,鱼米之乡（扶霞·邓洛普）,cuisine+season_months
ymzx-092,Lotus Pond Stir-fry,鱼米之乡（扶霞·邓洛普）,cuisine+season_months
ymzx-093,Wild Rice Stem with Soy Sauce,鱼米之乡（扶霞·邓洛普）,cuisine+season_months
ymzx-094,Vegetarian ‘Crabmeat’,鱼米之乡（扶霞·邓洛普）,cuisine+season_months
ymzx-095,Vegetarian ‘Eels’ in a Sweet-and-sour Sauce,鱼米之乡（扶霞·邓洛普）,cuisine+season_months
ymzx-096,Wheat Gluten with Mixed Vegetables,鱼米之乡（扶霞·邓洛普）,cuisine+season_months
ymzx-097,Pak Choy Broth with Pickle,鱼米之乡（扶霞·邓洛普）,cuisine+season_months
ymzx-098,Simple Egg-flower Soup,鱼米之乡（扶霞·邓洛普）,cuisine+season_months
ymzx-099,Sliced Gourd and Broad Bean Soup,鱼米之乡（扶霞·邓洛普）,cuisine+season_months
ymzx-100,Clear-simmered Silkie Chicken Soup,鱼米之乡（扶霞·邓洛普）,cuisine+season_months
ymzx-101,Shanghai Double-pork Soup with Bamboo Shoot,鱼米之乡（扶霞·邓洛普）,cuisine+season_months
ymzx-102,"Crabmeat,Tomato and Potato Soup",鱼米之乡（扶霞·邓洛普）,cuisine+season_months
ymzx-103,Monk Wensi's Tofu Thread Soup,鱼米之乡（扶霞·邓洛普）,cuisine+season_months
ymzx-104,Spinach Soup with Silken Tofu and Pork,鱼米之乡（扶霞·邓洛普）,cuisine+season_months
ymzx-105,Pig's Trotter and Soybean Soup,鱼米之乡（扶霞·邓洛普）,cuisine+season_months
ymzx-106,Mrs Song's Thick Fish Soup,鱼米之乡（扶霞·邓洛普）,cuisine+season_months
ymzx-107,Milky Rice-broth Soup with Radish and Dried Shrimps,鱼米之乡（扶霞·邓洛普）,cuisine+season_months
ymzx-108,Plain White Rice,鱼米之乡（扶霞·邓洛普）,cuisine+season_months
ymzx-109,Plain Short-grain White Rice,鱼米之乡（扶霞·邓洛普）,cuisine+season_months
ymzx-110,Plain Congee,鱼米之乡（扶霞·邓洛普）,cuisine+season_months
ymzx-111,Chicken Congee,鱼米之乡（扶霞·邓洛普）,cuisine+season_months
ymzx-112,Shanghai Fried Rice with Salt Pork and Green Pak Choy,鱼米之乡（扶霞·邓洛普）,cuisine+season_months
ymzx-113,Yangzhou Fried Rice,鱼米之乡（扶霞·邓洛普）,cuisine+season_months
ymzx-114,‘Japanese’ Broad Bean Rice,鱼米之乡（扶霞·邓洛普）,cuisine+season_months
ymzx-115,Leftover Rice Omelette,鱼米之乡（扶霞·邓洛普）,cuisine+season_months
ymzx-116,Soupy Rice with Chopped Greens,鱼米之乡（扶霞·邓洛普）,cuisine+season_months
ymzx-117,Stir-fried Rice Cake with Scrambled Egg and Dried Shrimps,鱼米之乡（扶霞·邓洛普）,cuisine+season_months
ymzx-118,Stir-fried Rice Cake with Fresh Clams,鱼米之乡（扶霞·邓洛普）,cuisine+season_months
ymzx-119,‘Toothless’ Glutinous Rice Dumplings with Pork and Leafy Greens,鱼米之乡（扶霞·邓洛普）,cuisine+season_months
ymzx-120,Shanghai Stir-fried Chunky Noodles,鱼米之乡（扶霞·邓洛普）,cuisine+season_months
ymzx-121,Shanghai Noodles with Dried Shrimps and Spring Onion Oil,鱼米之乡（扶霞·邓洛普）,cuisine+season_months
ymzx-122,‘Springtime’ Noodles,鱼米之乡（扶霞·邓洛普）,cuisine+season_months
ymzx-123,Hangzhou Late-night Noodles,鱼米之乡（扶霞·邓洛普）,cuisine+season_months
ymzx-124,Hangzhou ‘Blanched Slice’ Noodles,鱼米之乡（扶霞·邓洛普）,cuisine+season_months
ymzx-125,Stir-fried Sweet Potato Noodles,鱼米之乡（扶霞·邓洛普）,cuisine+season_months
ymzx-126,Cat's Ears,鱼米之乡（扶霞·邓洛普）,cuisine+season_months
ymzx-127,Rustic Dough-wriggle Soup with Pickled Greens,鱼米之乡（扶霞·邓洛普）,cuisine+season_months
ymzx-128,Shanghai Potsticker Buns,鱼米之乡（扶霞·邓洛普）,cuisine+season_months
ymzx-129,Shanghainese Steamed ‘Soup’ Dumplings,鱼米之乡（扶霞·邓洛普）,cuisine+season_months
ymzx-130,Shanghai Pork and Vegetable Wontons,鱼米之乡（扶霞·邓洛普）,cuisine+season_months
ymzx-131,Basic Steamed Buns,鱼米之乡（扶霞·邓洛普）,cuisine+season_months
ymzx-132,Yangzhou Slivered Radish Buns,鱼米之乡（扶霞·邓洛普）,cuisine+season_months
ymzx-133,Shanghai Vegetarian Buns,鱼米之乡（扶霞·邓洛普）,cuisine+season_months
ymzx-134,Yangzhou ‘Three-cube’ Buns,鱼米之乡（扶霞·邓洛普）,cuisine+season_months
ymzx-135,Lotus Leaf Buns,鱼米之乡（扶霞·邓洛普）,cuisine+season_months
ymzx-136,Shanghai Eight-treasure Glutinous Rice,鱼米之乡（扶霞·邓洛普）,cuisine+season_months
ymzx-137,Pearly Rice Balls with Sweet Glutinous Rice Wine,鱼米之乡（扶霞·邓洛普）,cuisine+season_months
ymzx-138,Sweet Silver-ear Soup with Goji Berries,鱼米之乡（扶霞·邓洛普）,cuisine+season_months
ymzx-139,Ningbo Glutinous Rice Balls with Black Sesame Stufing,鱼米之乡（扶霞·邓洛普）,cuisine+season_months
ymzx-140,Pumpkin Cakes,鱼米之乡（扶霞·邓洛普）,cuisine+season_months
ymzx-141,Sweet Ningbo Rice Cake with Seaweed,鱼米之乡（扶霞·邓洛普）,cuisine+season_months
ymzx-142,Dragon Well Tea,鱼米之乡（扶霞·邓洛普）,cuisine+season_months
ymzx-143,Jujube and Ginger Tea,鱼米之乡（扶霞·邓洛普）,cuisine+season_months
ymzx-144,Dried Chinese Plum and Hawthorn Infusion,鱼米之乡（扶霞·邓洛普）,cuisine+season_months
ymzx-145,Warm Pumpkin Juice with Honey,鱼米之乡（扶霞·邓洛普）,cuisine+season_months
ymzx-146,Fresh Savoury Soymilk,鱼米之乡（扶霞·邓洛普）,cuisine+season_months
yrg-001,柑橘醋风味生姜家常锅,一人锅：一个人的小锅料理（小田真规子）,cuisine+season_months
yrg-002,浓厚猪五花锅,一人锅：一个人的小锅料理（小田真规子）,cuisine+season_months
yrg-003,猪肉番茄叠叠锅,一人锅：一个人的小锅料理（小田真规子）,cuisine+season_months
yrg-004,腌鲑鱼乡土石狩锅,一人锅：一个人的小锅料理（小田真规子）,cuisine+season_months
yrg-005,寿喜锅风味涮涮锅,一人锅：一个人的小锅料理（小田真规子）,cuisine+season_months
yrg-006,山药泥豆浆锅,一人锅：一个人的小锅料理（小田真规子）,cuisine+season_months
yrg-007,鸡肉末青菜蛋花汤锅,一人锅：一个人的小锅料理（小田真规子）,cuisine+season_months
yrg-008,柚子胡椒风味鳕鱼锅,一人锅：一个人的小锅料理（小田真规子）,cuisine+season_months
yrg-009,猪肉榨菜锅,一人锅：一个人的小锅料理（小田真规子）,cuisine+season_months
yrg-010,金枪鱼韭菜豆腐锅,一人锅：一个人的小锅料理（小田真规子）,cuisine+season_months
yrg-011,温暖浓稠涮涮锅,一人锅：一个人的小锅料理（小田真规子）,cuisine+season_months
yrg-012,豆腐肉末酸辣汤锅,一人锅：一个人的小锅料理（小田真规子）,cuisine+season_months
yrg-013,豆腐小银鱼海苔锅,一人锅：一个人的小锅料理（小田真规子）,cuisine+season_months
yrg-014,滑子菇炖豆腐锅,一人锅：一个人的小锅料理（小田真规子）,cuisine+season_months
yrg-015,牛蒡牛肉柳川锅,一人锅：一个人的小锅料理（小田真规子）,cuisine+season_months
yrg-016,蒜香菌菇焗豆腐锅,一人锅：一个人的小锅料理（小田真规子）,cuisine+season_months
yrg-017,油浸沙丁鱼柠檬锅,一人锅：一个人的小锅料理（小田真规子）,cuisine+season_months
yrg-018,猪肉大葱清爽浇头锅,一人锅：一个人的小锅料理（小田真规子）,cuisine+season_months
yrg-019,韩式纳豆辣味噌锅,一人锅：一个人的小锅料理（小田真规子）,cuisine+season_months
yrg-020,油豆腐菌菇昆布丝锅,一人锅：一个人的小锅料理（小田真规子）,cuisine+season_months
yrg-021,咸香鸡肉胡椒锅,一人锅：一个人的小锅料理（小田真规子）,cuisine+season_months
yrg-022,芝麻豆浆猪肉涮涮锅,一人锅：一个人的小锅料理（小田真规子）,cuisine+season_months
yrg-023,柠香猪肉白菜锅,一人锅：一个人的小锅料理（小田真规子）,cuisine+season_months
yrg-024,双肉番茄寿喜锅,一人锅：一个人的小锅料理（小田真规子）,cuisine+season_months
yrg-025,乌龙茶猪肉涮涮锅,一人锅：一个人的小锅料理（小田真规子）,cuisine+season_months
yrg-026,平底锅版石锅拌饭,一人锅：一个人的小锅料理（小田真规子）,cuisine+season_months
yrg-027,韩式鸡腿炖汤锅,一人锅：一个人的小锅料理（小田真规子）,cuisine+season_months
yrg-028,韩式泡菜豆腐锅,一人锅：一个人的小锅料理（小田真规子）,cuisine+season_months
yrg-029,东南亚风味蔬菜焖饭,一人锅：一个人的小锅料理（小田真规子）,cuisine+season_months
yrg-030,担担面风味肉末锅,一人锅：一个人的小锅料理（小田真规子）,cuisine+season_months
yrg-031,韩式萝卜参鸡汤,一人锅：一个人的小锅料理（小田真规子）,cuisine+season_months
yrg-032,中式蒜香寿喜锅,一人锅：一个人的小锅料理（小田真规子）,cuisine+season_months
yrg-033,菠菜肉末咖喱锅,一人锅：一个人的小锅料理（小田真规子）,cuisine+season_months
yrg-034,香浓黑芝麻鸡肉锅,一人锅：一个人的小锅料理（小田真规子）,cuisine+season_months
yrg-035,猪肉彩椒坚果芝士锅,一人锅：一个人的小锅料理（小田真规子）,cuisine+season_months
yrg-036,秋葵鸡胸黏黏锅,一人锅：一个人的小锅料理（小田真规子）,cuisine+season_months
yrg-037,意式蔬菜酸酸锅,一人锅：一个人的小锅料理（小田真规子）,cuisine+season_months
yrg-038,鸡翅粉丝胶原蛋白锅,一人锅：一个人的小锅料理（小田真规子）,cuisine+season_months
yrg-039,裙带菜豆腐豆浆锅,一人锅：一个人的小锅料理（小田真规子）,cuisine+season_months
yrg-040,蛤蜊生菜梅子味噌锅,一人锅：一个人的小锅料理（小田真规子）,cuisine+season_months
yrg-041,蔬菜涮涮锅,一人锅：一个人的小锅料理（小田真规子）,cuisine+season_months
yrg-042,冷冻炸鸡橙醋锅,一人锅：一个人的小锅料理（小田真规子）,cuisine+season_months
yrg-043,黄油酱油风味咸牛肉锅,一人锅：一个人的小锅料理（小田真规子）,cuisine+season_months
yrg-044,港式涮涮锅,一人锅：一个人的小锅料理（小田真规子）,cuisine+season_months
yrg-045,意式番茄风味炖鱼锅,一人锅：一个人的小锅料理（小田真规子）,cuisine+season_months
yrg-046,韩式部队锅,一人锅：一个人的小锅料理（小田真规子）,cuisine+season_months
yrg-047,冬阴功风味锅,一人锅：一个人的小锅料理（小田真规子）,cuisine+season_months
yrg-048,韩式土豆炖肉锅,一人锅：一个人的小锅料理（小田真规子）,cuisine+season_months
yrg-049,培根豆腐锅,一人锅：一个人的小锅料理（小田真规子）,cuisine+season_months
yrg-050,猪肉蔬菜简单涮涮锅,一人锅：一个人的小锅料理（小田真规子）,cuisine+season_months
yrg-051,鸡肉菌菇和风汤意大利面,一人锅：一个人的小锅料理（小田真规子）,cuisine+season_months
yrg-052,牛蒡满满暖心猪肉汤,一人锅：一个人的小锅料理（小田真规子）,cuisine+season_months
yrg-053,韩式肉末杂菜粉丝锅,一人锅：一个人的小锅料理（小田真规子）,cuisine+season_months
yrg-054,土锅版麻婆豆腐,一人锅：一个人的小锅料理（小田真规子）,cuisine+season_months
yrg-055,猪肉挂面涮涮锅,一人锅：一个人的小锅料理（小田真规子）,cuisine+season_months
yrg-056,简易版海南鸡饭,一人锅：一个人的小锅料理（小田真规子）,cuisine+season_months
yrg-057,简易版关东煮,一人锅：一个人的小锅料理（小田真规子）,cuisine+season_months
yrg-058,超柔软鸡肉咖喱,一人锅：一个人的小锅料理（小田真规子）,cuisine+season_months
yrg-059,芝士风味西蓝花味噌汤,一人锅：一个人的小锅料理（小田真规子）,cuisine+season_months
yrg-060,黄油蒸腌鲑鱼锅,一人锅：一个人的小锅料理（小田真规子）,cuisine+season_months
yrg-061,香浓芝士焗饭风味半熟鸡蛋锅,一人锅：一个人的小锅料理（小田真规子）,cuisine+season_months
yrg-062,豆腐裙带菜爽滑滋养锅,一人锅：一个人的小锅料理（小田真规子）,cuisine+season_months
yrg-063,浓稠芝士焗饭锅,一人锅：一个人的小锅料理（小田真规子）,cuisine+season_months
yrg-064,日式豆浆咖喱蘸面,一人锅：一个人的小锅料理（小田真规子）,cuisine+season_months
yrg-065,香肠芦笋经典早餐锅,一人锅：一个人的小锅料理（小田真规子）,cuisine+season_months
yrg-066,萝卜苗培根蛋花乌冬面,一人锅：一个人的小锅料理（小田真规子）,cuisine+season_months
yrg-067,海苔腌鳕鱼奶油炖菜锅,一人锅：一个人的小锅料理（小田真规子）,cuisine+season_months
yrg-068,梅香白萝卜猪肉锅,一人锅：一个人的小锅料理（小田真规子）,cuisine+season_months
yrg-069,豆腐菌菇鸡肉寿喜锅,一人锅：一个人的小锅料理（小田真规子）,cuisine+season_months
yrg-070,根茎蔬菜清爽汤锅,一人锅：一个人的小锅料理（小田真规子）,cuisine+season_months
yrg-071,青花鱼罐头麻辣味噌锅,一人锅：一个人的小锅料理（小田真规子）,cuisine+season_months
yrg-072,中式青菜花椒锅,一人锅：一个人的小锅料理（小田真规子）,cuisine+season_months
yrg-073,酱油米饼替代版煎蛋锅,一人锅：一个人的小锅料理（小田真规子）,cuisine+season_months
yrg-074,腌鳕鱼白萝卜咸鲜锅,一人锅：一个人的小锅料理（小田真规子）,cuisine+season_months
yrg-075,猪五花蔬菜麻辣锅,一人锅：一个人的小锅料理（小田真规子）,cuisine+season_months
yrg-076,热气腾腾炖豆腐味噌锅,一人锅：一个人的小锅料理（小田真规子）,cuisine+season_months
yrg-077,菌菇鲜虾冬阴功锅,一人锅：一个人的小锅料理（小田真规子）,cuisine+season_months
yrg-078,土豆拉丝芝士火锅,一人锅：一个人的小锅料理（小田真规子）,cuisine+season_months
yrg-079,鸡肉根茎蔬菜简易版炖菜,一人锅：一个人的小锅料理（小田真规子）,cuisine+season_months
yrg-080,牛蒡牛肉芝麻味噌炖锅,一人锅：一个人的小锅料理（小田真规子）,cuisine+season_months
yrg-081,肉酱粉糯土豆锅,一人锅：一个人的小锅料理（小田真规子）,cuisine+season_months
yrg-082,菌菇猪肉咖喱锅,一人锅：一个人的小锅料理（小田真规子）,cuisine+season_months
yrg-083,白菜油豆腐中式千层锅,一人锅：一个人的小锅料理（小田真规子）,cuisine+season_months
yrg-084,超柔软鸡肉蔬菜奶油浓汤锅,一人锅：一个人的小锅料理（小田真规子）,cuisine+season_months
yrg-085,小锅版正宗俄式烧牛肉,一人锅：一个人的小锅料理（小田真规子）,cuisine+season_months
yrg-086,简易版腌鲑鱼白汁意大利面,一人锅：一个人的小锅料理（小田真规子）,cuisine+season_months
yrg-087,红烧鸡翅粉丝锅,一人锅：一个人的小锅料理（小田真规子）,cuisine+season_months
yrg-088,黄芥末风味卷心菜鸡肉锅,一人锅：一个人的小锅料理（小田真规子）,cuisine+season_months
yrg-089,蒜香蒸蔬菜锅,一人锅：一个人的小锅料理（小田真规子）,cuisine+season_months
yrg-090,牛肉清爽高汤锅,一人锅：一个人的小锅料理（小田真规子）,cuisine+season_months
yrg-091,白萝卜腌鲑鱼丸子汤,一人锅：一个人的小锅料理（小田真规子）,cuisine+season_months
yrg-092,豆苗鸡肉乡土浓汤锅,一人锅：一个人的小锅料理（小田真规子）,cuisine+season_months
yrg-093,蟹肉蛋花白菜丝锅,一人锅：一个人的小锅料理（小田真规子）,cuisine+season_months
yrg-094,牛蒡和风奶汁焗饭,一人锅：一个人的小锅料理（小田真规子）,cuisine+season_months
yrg-095,胶原蛋白满满白汤拉面,一人锅：一个人的小锅料理（小田真规子）,cuisine+season_months
yrg-096,鸡肉牛油果维生素锅,一人锅：一个人的小锅料理（小田真规子）,cuisine+season_months
tcop-008,Beef and Vegetable Soup,The Complete One Pot (America's Test Kitchen),cuisine+season_months
tcop-020,Tuscan Tomato and Bread Soup,The Complete One Pot (America's Test Kitchen),cuisine+season_months
tcop-023,Kimchi and Tofu Soup,The Complete One Pot (America's Test Kitchen),cuisine+season_months
tcop-026,Easy Tortellini Minestrone,The Complete One Pot (America's Test Kitchen),cuisine+season_months
tcop-068,Prosciutto-Wrapped Chicken with Asparagus,The Complete One Pot (America's Test Kitchen),cuisine+season_months
tcop-087,"Crispy Chicken with Spiced Carrot, Orange, and Chickpea Salad",The Complete One Pot (America's Test Kitchen),cuisine+season_months
tcop-091,Shredded Chicken Tacos,The Complete One Pot (America's Test Kitchen),cuisine+season_months
tcop-110,Steak Tips with Spicy Cauliflower,The Complete One Pot (America's Test Kitchen),cuisine+season_months
tcop-113,Steak Tips with Spiced Couscous and Spinach,The Complete One Pot (America's Test Kitchen),cuisine+season_months
tcop-114,Steak Tips with Tomatillo Salsa and Refried Black Beans,The Complete One Pot (America's Test Kitchen),cuisine+season_months
tcop-117,Hibachi-Style Steaks with Zucchini and Shiitakes,The Complete One Pot (America's Test Kitchen),cuisine+season_months
tcop-152,Barbecued Pork Chops with Succotash Salad,The Complete One Pot (America's Test Kitchen),cuisine+season_months
tcop-153,Maple-Glazed Pork Chops with Sweet Potato–Bacon Hash,The Complete One Pot (America's Test Kitchen),cuisine+season_months
tcop-191,Pan-Seared Paprika Salmon with Spicy Green Beans,The Complete One Pot (America's Test Kitchen),cuisine+season_months
tcop-198,Seared Trout with Brussels Sprouts and Bacon,The Complete One Pot (America's Test Kitchen),cuisine+season_months
tcop-205,Cod with Warm Tabbouleh Salad,The Complete One Pot (America's Test Kitchen),cuisine+season_months
tcop-208,Braised Cod with Peperonata,The Complete One Pot (America's Test Kitchen),cuisine+season_months
tcop-209,Thai Curry Rice with Cod,The Complete One Pot (America's Test Kitchen),cuisine+season_months
tcop-231,Spaghetti Squash with Fresh Tomato Sauce,The Complete One Pot (America's Test Kitchen),cuisine+season_months
tcop-243,"Philly-Style Broccoli Rabe, Portobello, and Cheese Sandwiches",The Complete One Pot (America's Test Kitchen),cuisine+season_months
tcop-252,Pearl Couscous with Tomatoes and Chickpeas,The Complete One Pot (America's Test Kitchen),cuisine+season_months
tcop-261,"Bulgur with Chickpeas, Spinach, and Za’atar",The Complete One Pot (America's Test Kitchen),cuisine+season_months
tcop-264,Pasta Puttanesca,The Complete One Pot (America's Test Kitchen),cuisine+season_months
tcop-266,Orecchiette with Broccoli Rabe and Sausage,The Complete One Pot (America's Test Kitchen),cuisine+season_months
tcop-273,Creamy Spring Vegetable Linguine,The Complete One Pot (America's Test Kitchen),cuisine+season_months
tcop-274,"Tortellini with Fennel, Peas, and Spinach",The Complete One Pot (America's Test Kitchen),cuisine+season_months
tcop-282,Sopa Seca with Chorizo and Black Beans,The Complete One Pot (America's Test Kitchen),cuisine+season_months
tcop-290,"Chilled Soba Noodles with Cucumbers, Snow Peas, and Radishes",The Complete One Pot (America's Test Kitchen),cuisine+season_months
tcop-197,Salmon Tacos with Collards and Radish Slaw,The Complete One Pot (America's Test Kitchen),cuisine+season_months
tcop-206,Braised Halibut with Leeks and Mustard,The Complete One Pot (America's Test Kitchen),cuisine+season_months
tcop-076,Chicken and Arugula Salad with Warm Fig Dressing,The Complete One Pot (America's Test Kitchen),cuisine+season_months
tcop-111,"Steak Tips with Wilted Spinach, Goat Cheese, and Pear Salad",The Complete One Pot (America's Test Kitchen),cuisine+season_months
tcop-116,"Strip Steaks with Mushrooms, Asparagus, and Potatoes",The Complete One Pot (America's Test Kitchen),cuisine+season_months
tcop-126,Classic Ground Beef Tacos,The Complete One Pot (America's Test Kitchen),cuisine+season_months
tcop-172,Caraway-Crusted Pork Tenderloin with Sauerkraut and Apples,The Complete One Pot (America's Test Kitchen),cuisine+season_months
tcop-223,South Carolina Shrimp Boil,The Complete One Pot (America's Test Kitchen),cuisine+season_months
tcop-225,Seared Scallops with Warm Barley Salad,The Complete One Pot (America's Test Kitchen),cuisine+season_months
tcop-258,"Parmesan Polenta with Broccoli Rabe, Sun-Dried Tomatoes, and Pine Nuts",The Complete One Pot (America's Test Kitchen),cuisine+season_months
tcop-001,Weeknight Chicken Noodle Soup,The Complete One Pot (America's Test Kitchen),cuisine+season_months
tcop-005,Thai Curry and Coconut Soup with Chicken,The Complete One Pot (America's Test Kitchen),cuisine+season_months
tcop-015,New England Clam Chowder,The Complete One Pot (America's Test Kitchen),cuisine+season_months
tcop-029,Red Lentil Soup with North African Spices,The Complete One Pot (America's Test Kitchen),cuisine+season_months
tcop-031,White Bean Soup with Pancetta and Rosemary,The Complete One Pot (America's Test Kitchen),cuisine+season_months
tcop-065,"Sautéed Chicken with Cherry Tomatoes, Olives, and Feta",The Complete One Pot (America's Test Kitchen),cuisine+season_months
tcop-071,Chicken and Rice with Carrots and Peas,The Complete One Pot (America's Test Kitchen),cuisine+season_months
tcop-073,Three-Cup Chicken,The Complete One Pot (America's Test Kitchen),cuisine+season_months
tcop-081,Crispy Skillet Turkey Burgers with Tomato-Feta Salad,The Complete One Pot (America's Test Kitchen),cuisine+season_months
tcop-112,Steak Tips with Horseradish Potato Salad,The Complete One Pot (America's Test Kitchen),cuisine+season_months
tcop-120,Tuscan-Style Steak with Garlicky Spinach,The Complete One Pot (America's Test Kitchen),cuisine+season_months
tcop-149,Pan-Seared Pork Cutlets with Horseradish-Herb Green Beans,The Complete One Pot (America's Test Kitchen),cuisine+season_months
tcop-159,"Stir-Fried Pork, Eggplant, and Onions with Garlic and Black Pepper",The Complete One Pot (America's Test Kitchen),cuisine+season_months
tcop-163,Skillet Sausage and Cheese Pizza,The Complete One Pot (America's Test Kitchen),cuisine+season_months
tcop-192,Sweet and Sour Salmon with Bok Choy,The Complete One Pot (America's Test Kitchen),cuisine+season_months
tcop-230,Stir-Fried Eggplant,The Complete One Pot (America's Test Kitchen),cuisine+season_months
tcop-236,Thai Vegetable Green Curry with Jasmine Rice Cakes,The Complete One Pot (America's Test Kitchen),cuisine+season_months
tcop-242,Shiitake Mushroom Frittata with Pecorino Romano,The Complete One Pot (America's Test Kitchen),cuisine+season_months
tcop-263,Penne with Fresh Tomato Sauce,The Complete One Pot (America's Test Kitchen),cuisine+season_months
tcop-270,"Bucatini with Peas, Kale, and Pancetta",The Complete One Pot (America's Test Kitchen),cuisine+season_months
tcop-279,Pastitsio,The Complete One Pot (America's Test Kitchen),cuisine+season_months
tcop-283,Drunken Noodles with Chicken,The Complete One Pot (America's Test Kitchen),cuisine+season_months
tcop-019,Fresh Corn Chowder,The Complete One Pot (America's Test Kitchen),cuisine+season_months
tcop-066,Chicken Fricassee with Apples,The Complete One Pot (America's Test Kitchen),cuisine+season_months
tcop-070,Unstuffed Ham & Cheese Chicken with Roasted Broccoli,The Complete One Pot (America's Test Kitchen),cuisine+season_months
tcop-100,Chicken with Spiced Couscous and Carrots,The Complete One Pot (America's Test Kitchen),cuisine+season_months
tcop-119,Seared Steaks with Crispy Potatoes and Herb Sauce,The Complete One Pot (America's Test Kitchen),cuisine+season_months
tcop-121,Teriyaki Stir-Fried Beef with Green Beans and Shiitakes,The Complete One Pot (America's Test Kitchen),cuisine+season_months
tcop-161,Vietnamese Pork Banh Mi,The Complete One Pot (America's Test Kitchen),cuisine+season_months
tcop-227,Roasted Mussels with Tomato and Chorizo,The Complete One Pot (America's Test Kitchen),cuisine+season_months
tcop-259,Baked Quinoa with Kale and Chickpeas,The Complete One Pot (America's Test Kitchen),cuisine+season_months
tcop-028,Farro and Leek Soup,The Complete One Pot (America's Test Kitchen),cuisine+season_months
tcop-138,Corned Beef and Cabbage Dinner,The Complete One Pot (America's Test Kitchen),cuisine+season_months
tcop-143,Top Sirloin Roast with Caramelized Potatoes and Carrots,The Complete One Pot (America's Test Kitchen),cuisine+season_months
tcop-222,"Thai Green Curry with Shrimp, Snow Peas, and Shiitakes",The Complete One Pot (America's Test Kitchen),cuisine+season_months
tcop-228,Pot-Roasted Cauliflower with Tomatoes and Olives,The Complete One Pot (America's Test Kitchen),cuisine+season_months
tcop-244,"Tofu, Thai Chile, and Basil Lettuce Cups",The Complete One Pot (America's Test Kitchen),cuisine+season_months
tcop-245,Crispy Tofu with Warm Cabbage Salad,The Complete One Pot (America's Test Kitchen),cuisine+season_months
tcop-271,Lemony Spaghetti with Shrimp and Spinach,The Complete One Pot (America's Test Kitchen),cuisine+season_months
tcop-021,Summer Vegetable Soup,The Complete One Pot (America's Test Kitchen),cuisine+season_months
tcop-034,Italian Pasta and Bean Soup,The Complete One Pot (America's Test Kitchen),cuisine+season_months
tcop-051,Spanish Shellfish Stew,The Complete One Pot (America's Test Kitchen),cuisine+season_months
tcop-053,Quinoa and Vegetable Stew,The Complete One Pot (America's Test Kitchen),cuisine+season_months
tcop-067,"Crispy Parmesan Chicken with Warm Fennel, Radicchio, and Arugula Salad",The Complete One Pot (America's Test Kitchen),cuisine+season_months
tcop-097,Lemony Chicken Thighs with Fingerling Potatoes and Olives,The Complete One Pot (America's Test Kitchen),cuisine+season_months
tcop-115,Spice-Rubbed Flank Steak with Toasted Corn and Black Bean Salad,The Complete One Pot (America's Test Kitchen),cuisine+season_months
tcop-122,Stir-Fried Thai-Style Beef with Chiles and Shallots,The Complete One Pot (America's Test Kitchen),cuisine+season_months
tcop-127,Wild Mushroom Burgers with Bistro Salad,The Complete One Pot (America's Test Kitchen),cuisine+season_months
tcop-129,Zucchini Noodles with Pesto Meatballs,The Complete One Pot (America's Test Kitchen),cuisine+season_months
tcop-150,Sesame Pork Cutlets with Wilted Napa Cabbage Salad,The Complete One Pot (America's Test Kitchen),cuisine+season_months
tcop-166,Bratwurst Sandwiches with Red Potato and Kale Salad,The Complete One Pot (America's Test Kitchen),cuisine+season_months
tcop-182,Spiced Pork and Orzo Casserole,The Complete One Pot (America's Test Kitchen),cuisine+season_months
tcop-190,"Roasted Salmon with Broccoli, Red Potatoes, and Mustard Sauce",The Complete One Pot (America's Test Kitchen),cuisine+season_months
tcop-193,"Glazed Salmon with Black-Eyed Peas, Walnuts, and Pomegranate",The Complete One Pot (America's Test Kitchen),cuisine+season_months
tcop-194,Salmon with Lemon-Garlic Mashed Cauliflower,The Complete One Pot (America's Test Kitchen),cuisine+season_months
tcop-199,"Roasted Cod with Artichokes, Olives, and Sun-Dried Tomatoes",The Complete One Pot (America's Test Kitchen),cuisine+season_months
tcop-202,Lemon-Herb Cod Fillets with Crispy Garlic Potatoes,The Complete One Pot (America's Test Kitchen),cuisine+season_months
tcop-210,Hake in Saffron Broth with Chorizo and Potatoes,The Complete One Pot (America's Test Kitchen),cuisine+season_months
tcop-212,Bouillabaisse,The Complete One Pot (America's Test Kitchen),cuisine+season_months
tcop-221,Stir-Fried Shrimp and Broccoli,The Complete One Pot (America's Test Kitchen),cuisine+season_months
tcop-235,Vegetable Curry with Potatoes and Cauliflower,The Complete One Pot (America's Test Kitchen),cuisine+season_months
tcop-239,Green Shakshuka,The Complete One Pot (America's Test Kitchen),cuisine+season_months
tcop-256,"Risotto with Fava Beans, Peas, and Arugula",The Complete One Pot (America's Test Kitchen),cuisine+season_months
tcop-265,"Penne with Chicken, Broccoli, and Bell Pepper",The Complete One Pot (America's Test Kitchen),cuisine+season_months
tcop-272,Mussels Marinara with Spaghetti,The Complete One Pot (America's Test Kitchen),cuisine+season_months
tcop-284,Thai-Style Stir-Fried Noodles with Chicken and Broccolini,The Complete One Pot (America's Test Kitchen),cuisine+season_months
tcop-285,"Ramen with Beef, Shiitakes, and Spinach",The Complete One Pot (America's Test Kitchen),cuisine+season_months
tcop-287,Pork Lo Mein,The Complete One Pot (America's Test Kitchen),cuisine+season_months
tcop-288,Singapore Noodles,The Complete One Pot (America's Test Kitchen),cuisine+season_months
tcop-050,Sicilian Fish Stew,The Complete One Pot (America's Test Kitchen),cuisine+season_months
